/*
Navicat MySQL Data Transfer

Source Server         : 123.207.139.154
Source Server Version : 50632
Source Host           : 123.207.139.154:3306
Source Database       : changyinge

Target Server Type    : MYSQL
Target Server Version : 50632
File Encoding         : 65001

Date: 2016-09-17 10:40:18
*/

SET FOREIGN_KEY_CHECKS=0;

-- ----------------------------
-- Table structure for collections
-- ----------------------------
DROP TABLE IF EXISTS `collections`;
CREATE TABLE `collections` (
  `user_id` varchar(20) NOT NULL,
  `song_id` bigint(20) NOT NULL,
  `time` datetime DEFAULT NULL ON UPDATE CURRENT_TIMESTAMP,
  PRIMARY KEY (`user_id`,`song_id`),
  KEY `song_id` (`song_id`),
  CONSTRAINT `collections_ibfk_1` FOREIGN KEY (`user_id`) REFERENCES `user` (`user_id`) ON DELETE NO ACTION ON UPDATE NO ACTION,
  CONSTRAINT `collections_ibfk_2` FOREIGN KEY (`song_id`) REFERENCES `song` (`song_id`) ON DELETE NO ACTION ON UPDATE NO ACTION
) ENGINE=InnoDB DEFAULT CHARSET=utf8;

-- ----------------------------
-- Records of collections
-- ----------------------------
INSERT INTO `collections` VALUES ('1001', '104863620', '2016-09-01 14:56:52');
INSERT INTO `collections` VALUES ('1001', '107168473', '2016-09-01 14:58:21');
INSERT INTO `collections` VALUES ('1001', '107186982', '2016-09-01 15:57:46');
INSERT INTO `collections` VALUES ('1001', '107188869', '2016-09-01 15:58:35');
INSERT INTO `collections` VALUES ('1001', '107298249', '2016-09-01 14:58:52');
INSERT INTO `collections` VALUES ('1002', '104863620', '2016-09-02 09:01:31');
INSERT INTO `collections` VALUES ('1002', '107343486', '2016-09-01 14:59:10');
INSERT INTO `collections` VALUES ('1002', '107344543', '2016-09-01 14:59:30');
INSERT INTO `collections` VALUES ('1002', '107344544', '2016-09-02 09:06:42');

-- ----------------------------
-- Table structure for comment
-- ----------------------------
DROP TABLE IF EXISTS `comment`;
CREATE TABLE `comment` (
  `comment_id` bigint(20) NOT NULL AUTO_INCREMENT,
  `user_id` varchar(20) DEFAULT NULL,
  `song_id` bigint(20) DEFAULT NULL,
  `comment` varchar(255) DEFAULT NULL,
  `time` datetime DEFAULT NULL ON UPDATE CURRENT_TIMESTAMP,
  PRIMARY KEY (`comment_id`),
  KEY `user_id` (`user_id`),
  KEY `song_id` (`song_id`),
  CONSTRAINT `comment_ibfk_1` FOREIGN KEY (`user_id`) REFERENCES `user` (`user_id`) ON DELETE NO ACTION ON UPDATE NO ACTION,
  CONSTRAINT `comment_ibfk_2` FOREIGN KEY (`song_id`) REFERENCES `song` (`song_id`) ON DELETE NO ACTION ON UPDATE NO ACTION
) ENGINE=InnoDB AUTO_INCREMENT=10022 DEFAULT CHARSET=utf8;

-- ----------------------------
-- Records of comment
-- ----------------------------
INSERT INTO `comment` VALUES ('10001', '1001', '104863620', '还不错！', '2016-09-01 15:02:21');
INSERT INTO `comment` VALUES ('10002', '1001', '107168473', '赞~\\(≧▽≦)/~', '2016-09-01 15:02:57');
INSERT INTO `comment` VALUES ('10003', '1001', '107186982', '可以', '2016-09-01 15:04:41');
INSERT INTO `comment` VALUES ('10004', '1002', '107188869', '好\\(^o^)/~', '2016-09-01 15:05:12');
INSERT INTO `comment` VALUES ('10005', '1001', '107439108', '哈哈哈', '2016-09-07 16:40:16');
INSERT INTO `comment` VALUES ('10006', '1001', '107439108', '嘻嘻嘻。。。', '2016-09-07 16:40:23');
INSERT INTO `comment` VALUES ('10007', '1002', '107439108', '嗯嗯嗯', '2016-09-07 16:40:39');
INSERT INTO `comment` VALUES ('10009', 'syy', '107870727', 'et', '2016-09-10 09:02:11');
INSERT INTO `comment` VALUES ('10010', 'syy', '107870727', 'etet', '2016-09-10 09:02:13');
INSERT INTO `comment` VALUES ('10011', 'syy', '107870727', 'etetsd', '2016-09-10 09:02:15');
INSERT INTO `comment` VALUES ('10012', 'dan', '107439108', '?', '2016-09-10 09:12:44');
INSERT INTO `comment` VALUES ('10013', '1008', '108169501', '', '2016-09-10 09:30:06');
INSERT INTO `comment` VALUES ('10014', '1008', '108169501', '5', '2016-09-10 09:30:09');
INSERT INTO `comment` VALUES ('10015', '1008', '108169501', '5', '2016-09-10 09:30:37');
INSERT INTO `comment` VALUES ('10016', '1008', '107738401', '', '2016-09-10 09:33:21');
INSERT INTO `comment` VALUES ('10017', 'dan', '107659796', '?U?U', '2016-09-10 15:09:49');
INSERT INTO `comment` VALUES ('10018', 'dan', '107738401', '?(???\")?', '2016-09-10 15:10:58');
INSERT INTO `comment` VALUES ('10019', 'syy', '107659796', '', '2016-09-12 10:36:28');
INSERT INTO `comment` VALUES ('10020', 'syy', '107659796', '', '2016-09-12 10:36:30');
INSERT INTO `comment` VALUES ('10021', 'syy', '107659796', 'fby cf', '2016-09-12 10:36:35');

-- ----------------------------
-- Table structure for download
-- ----------------------------
DROP TABLE IF EXISTS `download`;
CREATE TABLE `download` (
  `user_id` varchar(20) NOT NULL,
  `song_id` bigint(20) NOT NULL,
  `time` datetime DEFAULT NULL ON UPDATE CURRENT_TIMESTAMP,
  PRIMARY KEY (`user_id`,`song_id`),
  KEY `song_id` (`song_id`),
  CONSTRAINT `download_ibfk_1` FOREIGN KEY (`user_id`) REFERENCES `user` (`user_id`) ON DELETE NO ACTION ON UPDATE NO ACTION,
  CONSTRAINT `download_ibfk_2` FOREIGN KEY (`song_id`) REFERENCES `song` (`song_id`) ON DELETE NO ACTION ON UPDATE NO ACTION
) ENGINE=InnoDB DEFAULT CHARSET=utf8;

-- ----------------------------
-- Records of download
-- ----------------------------
INSERT INTO `download` VALUES ('1001', '104863620', '2016-09-01 15:05:58');

-- ----------------------------
-- Table structure for song
-- ----------------------------
DROP TABLE IF EXISTS `song`;
CREATE TABLE `song` (
  `song_id` bigint(20) NOT NULL,
  `song_name` varchar(120) DEFAULT NULL,
  `singger_name` varchar(30) DEFAULT NULL,
  `album_name` varchar(30) DEFAULT NULL,
  `albumpic_big` varchar(100) DEFAULT NULL,
  `albumpic_sma` varchar(100) DEFAULT NULL,
  `downurl` varchar(100) DEFAULT NULL,
  `m4a` varchar(255) DEFAULT NULL,
  `seconds` int(11) DEFAULT NULL,
  `category` varchar(20) DEFAULT NULL,
  `lrc` varchar(1000) DEFAULT NULL,
  `collections_count` bigint(20) DEFAULT NULL,
  `comment_count` bigint(20) DEFAULT NULL,
  `download_count` bigint(20) DEFAULT NULL,
  `hot` bigint(20) DEFAULT NULL,
  PRIMARY KEY (`song_id`)
) ENGINE=InnoDB DEFAULT CHARSET=utf8;

-- ----------------------------
-- Records of song
-- ----------------------------
INSERT INTO `song` VALUES ('104863620', '一曲红尘', '郭少杰', null, 'http://www.nemoyang.cn/bigphoto/001Dv2ln2Vigkx.jpg', 'http://www.nemoyang.cn/smallphoto/001Dv2ln2Vigkx.jpg', 'http://dl.stream.qqmusic.qq.com/104863620.mp3?vkey=4A95A0FCDFDC050E9D543841CA4A28AABD19F1973177DAB50', 'http://www.nemoyang.cn/song/104863620.mp3', '270', '1', '[ti&#58;一曲红尘]&#10;[ar&#58;郭少杰]&#10;[al&#58;一曲红尘]&#10;[by&#58;]&#10;[offset&#58;0]&#10;[00&#58;00&#46;69]一曲红尘&#32;&#45;&#32;郭少杰&#10;[00&#58;02&#46;43]词：刘海东&#10;[00&#58;03&#46;52]曲：刘海东&#10;[00&#58;05&#46;36]&#10;[00&#58;33&#46;06]谁把化蝶写成碑&#10;[00&#58;36&#46;96]谁在千年等一回&#10;[00&#58;41&#46;16]红尘总有梦&#10;[00&#58;44&#46;95]何必问是与非&#10;[00&#58;48&#46;63]历尽了沧桑&#10;[00&#58;52&#46;23]更懂得无悔&#10;[00&#58;55&#46;80]谁把花心化作泪&#10;[00&#58;59&#46;42]谁在梦里永相随&#10;[01&#58;03&#46;57]人生这杯酒&#10;[01&#58;07&#46;39]怎么喝都是醉&#10;[01&#58;11&#46;10]过往的云烟&#10;[01&#58;14&#46;85]坦然去面对&#10;[01&#58;18&#46;75]冷冷的眼泪随风吹&#10;[01&#58;22&#46;38]才知道离别的滋味&#10;[01&#58;26&#46;18]多少寒霜多少心碎&#10;[01&#58;30&#46;03]多少无奈慢慢体会&#10;[01&#58;36&#46;98]&#10;[01&#58;37&#46;51]飘飘的落花如流水&#10;[01&#58;41&#46;15]才知道花期的珍贵&#10;[01&#58;44&#46;82]多少寻觅多少负累&#10;[01&#58;48&#46;78]多少风景依然你最美&#10;[01&#58;56&#46;12]&#10;[02&#58;25&#46;47]谁把花心化作泪&#10;[02&#58;29&#46;43]谁在梦里永相随&#10;[02&#58;33&#46;53]人生这杯酒&#10;[02&#58;37&#46;41]怎么喝都是醉&#10;[02&#58;41&#46;13]过往的云烟&#10;[02&', '2', '1', '1', '0');
INSERT INTO `song` VALUES ('107168473', 'BiuBiuBiu (《快手枪手快枪手》电影主题曲)', '大张伟', null, 'http://www.nemoyang.cn/bigphoto/001QZCRO2pgk2L.jpg', 'http://www.nemoyang.cn/smallphoto/001QZCRO2pgk2L.jpg', 'http://dl.stream.qqmusic.qq.com/107168473.mp3?vkey=4A95A0FCDFDC050E9D543841CA4A28AABD19F1973177DAB50', 'http://www.nemoyang.cn/song/107168473.mp3', '180', '1', '[ti&#58;Biu&#32;Biu&#32;Biu&#32;&#40;《快手&#32;枪手&#32;快枪手》电影主题曲&#41;]&#10;[ar&#58;大张伟]&#10;[al&#58;Biu&#32;Biu&#32;Biu]&#10;[by&#58;]&#10;[offset&#58;0]&#10;[00&#58;00&#46;10]Biu&#32;Biu&#32;Biu&#32;&#40;《快手枪手快枪手》电影主题曲&#41;&#32;&#45;&#32;大张伟&#10;[00&#58;00&#46;20]词：大张伟&#10;[00&#58;00&#46;30]曲：大张伟&#10;[00&#58;00&#46;85]Biu&#32;biu&#32;biu&#32;biu&#32;biu&#32;biu&#32;biu&#10;[00&#58;02&#46;96]Biu&#32;biu&#32;biu&#32;biu&#32;biu&#32;biu&#32;biu&#10;[00&#58;04&#46;96]Biu&#32;biu&#32;biu&#32;biu&#32;biu&#32;biu&#32;biu&#10;[00&#58;07&#46;15]Biu&#32;biu&#32;biu&#32;biu&#32;biu&#32;biu&#32;biu&#10;[00&#58;09&#46;07]&#10;[00&#58;11&#46;49]反手一枪&#32;biu&#32;biu&#32;biu&#32;biu&#10;[00&#58;13&#46;72]小范儿一抖&#32;biu&#32;biu&#32;biu&#32;biu&#10;[00&#58;15&#46;81]谁敢来劲&#32;biu&#32;biu&#32;biu&#32;biu&#10;[00&#58;18&#46;02]我就一顿&#32;biu&#32;biu&#32;biu&#10;[00&#58;20&#46;28]抬腿一枪&#32;biu&#32;biu&#32;biu&#32;biu&#10;[00&#58;22&#46;49]扳机一扣&#32;biu&#32;biu&#32;biu&#32;biu&#10;[00&#58;24&#46;64]谁敢欠招&#32;biu&#32', '1', '1', '0', '0');
INSERT INTO `song` VALUES ('107186982', '爱与不爱都是错', '冷漠', null, 'http://www.nemoyang.cn/bigphoto/003bGpmh3VWiB1.jpg', 'http://www.nemoyang.cn/smallphoto/003bGpmh3VWiB1.jpg', 'http://dl.stream.qqmusic.qq.com/107186982.mp3?vkey=4A95A0FCDFDC050E9D543841CA4A28AABD19F1973177DAB50', 'http://www.nemoyang.cn/song/107186982.mp3', '236', '1', '[ti&#58;爱与不爱都是错]&#10;[ar&#58;冷漠]&#10;[al&#58;爱与不爱都是错]&#10;[by&#58;]&#10;[offset&#58;0]&#10;[00&#58;01&#46;71]爱与不爱都是错&#32;&#45;&#32;冷漠&#10;[00&#58;02&#46;58]词：师立宅&#10;[00&#58;02&#46;77]曲：路勇&#10;[00&#58;02&#46;92]编曲：孙侠&#10;[00&#58;03&#46;31]&#10;[00&#58;27&#46;87]你说我的眼神&#32;难以捉摸&#10;[00&#58;32&#46;97]&#10;[00&#58;34&#46;33]总说我对你&#32;忽冷又忽热&#10;[00&#58;39&#46;07]&#10;[00&#58;40&#46;98]你每天的猜疑&#32;真的让我难过&#10;[00&#58;46&#46;54]&#10;[00&#58;47&#46;51]对你爱的难舍&#32;渐渐变成冷漠&#10;[00&#58;52&#46;79]&#10;[00&#58;54&#46;04]你说我的心已不再炙热&#10;[00&#58;59&#46;27]&#10;[01&#58;00&#46;59]说我对你已经开始闪躲&#10;[01&#58;05&#46;57]&#10;[01&#58;07&#46;23]其实我心里还珍藏着你的承诺&#10;[01&#58;13&#46;76]只是无法面对你冰冷的指责&#10;[01&#58;19&#46;75]&#10;[01&#58;20&#46;89]爱与不爱都是错&#10;[01&#58;23&#46;65]为何最后竟是这样结果&#10;[01&#58;26&#46;97]在冰与火之间来回穿梭&#10;[01&#58;30&#46;12]心悬在天平之间不敢倾斜&#10;[01&#58;33&#46;31]&#10;[01&#58;33&#46;86]爱与不爱都是错&#10;[01&#58;36&#46;77]为何最后竟是这样结果&#10;[01&#58;40&#46;12]奔跑的方向充满了阻挡&#10;[01&#58;43&#46;34]我的梦就像流星一样坠落&#10;[01&#58;49&#46;47]&', '1', '1', '0', '0');
INSERT INTO `song` VALUES ('107188869', '摄影艺术', '许嵩', null, 'http://www.nemoyang.cn/bigphoto/000LfSb70Ewn3w.jpg', 'http://www.nemoyang.cn/smallphoto/000LfSb70Ewn3w.jpg', 'http://dl.stream.qqmusic.qq.com/107188869.mp3?vkey=4A95A0FCDFDC050E9D543841CA4A28AABD19F1973177DAB50', 'http://www.nemoyang.cn/song/107188869.mp3', '267', '1', '[ti&#58;摄影艺术]&#10;[ar&#58;许嵩]&#10;[al&#58;摄影艺术]&#10;[by&#58;]&#10;[offset&#58;0]&#10;[00&#58;00&#46;00]摄影艺术&#32;&#45;&#32;许嵩&#10;[00&#58;00&#46;72]词：许嵩&#10;[00&#58;01&#46;22]曲：许嵩&#10;[00&#58;01&#46;95]&#10;[00&#58;09&#46;72]面朝大海&#10;[00&#58;10&#46;95]我站成了大海&#10;[00&#58;13&#46;13]你在我里面浮沉&#10;[00&#58;16&#46;37]&#10;[00&#58;17&#46;02]回忆&#32;是一条狂犬&#10;[00&#58;19&#46;49]追咬了许多年&#10;[00&#58;21&#46;62]却还没掌握进退分寸&#10;[00&#58;24&#46;40]&#10;[00&#58;26&#46;56]时光流转&#10;[00&#58;27&#46;96]谁还用日记本&#10;[00&#58;30&#46;18]往事有底片为证&#10;[00&#58;33&#46;35]&#10;[00&#58;34&#46;00]拍照别开闪光灯窥探爱人灵魂&#10;[00&#58;38&#46;55]要信自己的感觉够真&#10;[00&#58;42&#46;08]&#10;[00&#58;43&#46;76]你带领着我穿透了黄昏&#10;[00&#58;49&#46;94]&#10;[00&#58;51&#46;01]逆着光&#10;[00&#58;52&#46;02]闭上了一只眼&#10;[00&#58;54&#46;36]开启摄影的天分&#10;[00&#58;58&#46;16]&#10;[01&#58;00&#46;17]拍过我的人&#10;[01&#58;01&#46;62]傻笑得多诚恳&#10;[01&#58;04&#46;23]摁下了快门&#10;[01&#58;05&#46;80]晓得心动不长存&#10;[01&#58;08&#46;54]拍过我的人&#10;[01&#58;10&#46;24]体谅了我的冷&#10;[01&#58;12&#46;13]&#10;[01&#58', '1', '1', '0', '0');
INSERT INTO `song` VALUES ('107298249', '这孤独世界幸好有你 (《这孤独世界，幸好有你》同名书主题曲)', '孙子涵', null, 'http://www.nemoyang.cn/bigphoto/001jXlOo3g2oTM.jpg', 'http://www.nemoyang.cn/smallphoto/001jXlOo3g2oTM.jpg', 'http://dl.stream.qqmusic.qq.com/107298249.mp3?vkey=4A95A0FCDFDC050E9D543841CA4A28AABD19F1973177DAB50', 'http://www.nemoyang.cn/song/107298249.mp3', '259', '1', '[ti&#58;这孤独世界幸好有你&#32;&#40;《这孤独世界，幸好有你》小说主题曲&#41;]&#10;[ar&#58;孙子涵]&#10;[al&#58;这孤独世界幸好有你]&#10;[by&#58;]&#10;[offset&#58;0]&#10;[00&#58;00&#46;17]这孤独世界幸好有你&#32;&#40;《这孤独世界，幸好有你》同名书主题曲&#41;&#32;&#45;&#32;孙子涵&#10;[00&#58;04&#46;59]词：孙子涵&#10;[00&#58;05&#46;40]曲：孙子涵&#10;[00&#58;06&#46;10]&#10;[00&#58;11&#46;82]你的眼泪&#32;在我最深记忆中骚动&#10;[00&#58;15&#46;41]&#10;[00&#58;16&#46;30]看不清的&#32;道不明的&#32;是你的问候&#10;[00&#58;20&#46;26]&#10;[00&#58;21&#46;22]偶尔只剩下我孤身一人的时候&#10;[00&#58;25&#46;81]&#10;[00&#58;26&#46;34]我会偷看着有过你的星空&#10;[00&#58;30&#46;09]&#10;[00&#58;30&#46;84]不分青红皂白&#32;不分昼夜的奔走&#10;[00&#58;34&#46;78]&#10;[00&#58;35&#46;60]默默期待&#32;几篇鸡汤&#32;服下会受用&#10;[00&#58;39&#46;57]&#10;[00&#58;40&#46;38]偶尔在浩瀚的斗兽场默然回首&#10;[00&#58;45&#46;07]&#10;[00&#58;45&#46;62]我会偷看属于我的时空&#10;[00&#58;49&#46;46]&#10;[00&#58;52&#46;26]我撑着你和我在&#32;最懵懂时的美梦&#10;[00&#58;56&#46;94]看马不停蹄时光拖我进黑洞&#10;[01&#58;00&#46;84]&#10;[01&#58;01&#46;60]原来我们最期待的远方没多不同&#10;[01&#58;07&#46;10]不同是你已不在我的左右&#10;[01&#58;10&#46;63]&#10;[01&#58;11&#46;31]我', '1', '0', '0', '0');
INSERT INTO `song` VALUES ('107343486', '毕业季', '贺敬轩', null, 'http://www.nemoyang.cn/bigphoto/000A2BKM3uGxh6.jpg', 'http://www.nemoyang.cn/smallphoto/000A2BKM3uGxh6.jpg', 'http://dl.stream.qqmusic.qq.com/107343486.mp3?vkey=4A95A0FCDFDC050E9D543841CA4A28AABD19F1973177DAB50', 'http://www.nemoyang.cn/song/107343486.mp3', '231', '1', '[ti&#58;毕业季]&#10;[ar&#58;贺敬轩]&#10;[al&#58;毕业季]&#10;[by&#58;]&#10;[offset&#58;0]&#10;[00&#58;00&#46;16]毕业季&#32;&#45;&#32;贺敬轩&#10;[00&#58;01&#46;19]词：林华勇&#10;[00&#58;01&#46;90]曲：胜屿&#10;[00&#58;02&#46;56]编曲：衣睿&#10;[00&#58;03&#46;35]&#10;[00&#58;18&#46;81]曾经总以为毕业遥遥无期&#10;[00&#58;22&#46;19]&#10;[00&#58;23&#46;18]不知不觉我们就各奔东西&#10;[00&#58;26&#46;47]&#10;[00&#58;27&#46;57]分手的夏季&#32;好舍不得你&#10;[00&#58;31&#46;37]&#10;[00&#58;32&#46;05]可是昨天已回不去&#10;[00&#58;35&#46;45]&#10;[00&#58;36&#46;49]怀念与你同窗三年的教室&#10;[00&#58;39&#46;72]&#10;[00&#58;40&#46;94]怀念午后和你散步校园里&#10;[00&#58;44&#46;09]&#10;[00&#58;45&#46;32]我同桌的你&#32;能否别离去&#10;[00&#58;49&#46;25]&#10;[00&#58;49&#46;81]我早习惯有你&#10;[00&#58;52&#46;86]时间可不可以永远停在这个毕业季&#10;[00&#58;57&#46;85]别让岁月带走我们青春的记忆&#10;[01&#58;02&#46;53]每一次考试&#32;你为我打气&#10;[01&#58;06&#46;72]就算落榜也有你陪我复习&#10;[01&#58;10&#46;62]时间可不可以永远停在这个夏天里&#10;[01&#58;15&#46;61]害怕明天过后我就再见不到你&#10;[01&#58;19&#46;81]&#10;[01&#58;20&#46;45]当我失落时&#32;你给我勇气&#10;[01&#58;24&#46;52]在我的世界里你最了不起&#10;[01&#58;28&#46;36]', '1', '0', '0', '0');
INSERT INTO `song` VALUES ('107344543', '如果没以后 (《结婚为什么》电视剧片尾曲)', '樊凡', null, 'http://www.nemoyang.cn/bigphoto/002VCinW3psoGC.jpg', 'http://www.nemoyang.cn/smallphoto/002VCinW3psoGC.jpg', 'http://dl.stream.qqmusic.qq.com/107344543.mp3?vkey=4A95A0FCDFDC050E9D543841CA4A28AABD19F1973177DAB50', 'http://www.nemoyang.cn/song/107344543.mp3', '242', '1', '[ti&#58;如果没以后&#32;&#40;《结婚为什么》电视剧片尾曲&#41;]&#10;[ar&#58;樊凡]&#10;[al&#58;结婚为什么&#32;电视剧原声带]&#10;[by&#58;]&#10;[offset&#58;0]&#10;[00&#58;00&#46;10]如果没以后&#32;&#40;《结婚为什么》电视剧片尾曲&#41;&#32;&#45;&#32;樊凡&#10;[00&#58;00&#46;20]&#10;[00&#58;02&#46;41]词：浅紫&#10;[00&#58;02&#46;55]曲：姜帆&#10;[00&#58;02&#46;96]&#10;[00&#58;18&#46;30]表情又何必勉强什么&#10;[00&#58;23&#46;36]&#10;[00&#58;25&#46;29]在朋友们聚会中附和&#10;[00&#58;30&#46;85]&#10;[00&#58;31&#46;41]我借故离开&#10;[00&#58;33&#46;34]眼眶躲不开红了&#10;[00&#58;37&#46;64]&#10;[00&#58;38&#46;55]你意外的出席我多忐忑&#10;[00&#58;43&#46;34]&#10;[00&#58;46&#46;80]原来彼此好久都没联络&#10;[00&#58;52&#46;83]&#10;[00&#58;53&#46;87]早已是疏远了的生活&#10;[01&#58;00&#46;14]看健谈的你&#10;[01&#58;02&#46;02]还一如既往快乐&#10;[01&#58;05&#46;89]&#10;[01&#58;07&#46;17]而我剩下陪你幸福资格&#10;[01&#58;12&#46;74]如果没以后&#10;[01&#58;15&#46;33]&#10;[01&#58;16&#46;23]那就放开手&#10;[01&#58;19&#46;52]&#10;[01&#58;20&#46;46]感谢你温暖过我胸口&#10;[01&#58;26&#46;43]&#10;[01&#58;26&#46;99]不如去接受&#10;[01&#58;30&#46;08]&#10;[01&#58;30&#46;59]享受那自由&#10;[01&#58;33&#46;9', '1', '0', '0', '0');
INSERT INTO `song` VALUES ('107344544', 'Angel (《结婚为什么》电视剧插曲)', '樊凡', null, 'http://www.nemoyang.cn/bigphoto/002VCinW3psoGC.jpg', 'http://www.nemoyang.cn/smallphoto/002VCinW3psoGC.jpg', 'http://dl.stream.qqmusic.qq.com/107344544.mp3?vkey=4A95A0FCDFDC050E9D543841CA4A28AABD19F1973177DAB50', 'http://www.nemoyang.cn/song/107344544.mp3', '304', '1', '[ti&#58;Angel&#32;&#40;《结婚为什么》电视剧插曲&#41;]&#10;[ar&#58;樊凡]&#10;[al&#58;结婚为什么&#32;电视剧原声带]&#10;[by&#58;]&#10;[offset&#58;0]&#10;[00&#58;00&#46;10]Angel&#32;&#40;《结婚为什么》电视剧插曲&#41;&#32;&#45;&#32;樊凡&#10;[00&#58;00&#46;20]&#10;[00&#58;02&#46;00]词：李倩仪&#10;[00&#58;02&#46;18]曲：王寒&#10;[00&#58;02&#46;52]&#10;[00&#58;19&#46;75]Angel&#32;你一直在我的左右&#10;[00&#58;25&#46;44]&#10;[00&#58;26&#46;48]为我&#32;将寂寞全部都带走&#10;[00&#58;32&#46;39]&#10;[00&#58;33&#46;24]Angel&#32;你陪我在阳光下漫游&#10;[00&#58;39&#46;36]&#10;[00&#58;39&#46;87]告诉我幸福还&#32;能再拥有&#10;[00&#58;45&#46;08]&#10;[00&#58;46&#46;77]Angel&#32;你那一双美丽眼眸&#10;[00&#58;52&#46;62]&#10;[00&#58;53&#46;47]给我&#32;每一个勇敢的理由&#10;[00&#58;58&#46;96]&#10;[01&#58;00&#46;24]Angel&#32;当你要牵着我的手&#10;[01&#58;06&#46;82]&#10;[01&#58;07&#46;45]带我去看世间&#32;爱的所有&#10;[01&#58;14&#46;08]&#10;[01&#58;16&#46;75]当你来为我&#10;[01&#58;19&#46;57]打开一扇窗口&#10;[01&#58;22&#46;97]被阳光渐渐&#10;[01&#58;25&#46;47]淹没心中的颤抖&#10;[01&#58;29&#46;23]&#10;[01&#58;30&#46;32]我用思念&#10;[01&#58;31&#46;82]&#10;[01&#58;32&#4', '1', '0', '0', '0');
INSERT INTO `song` VALUES ('107405259', '渡红尘 (《蜀山缥缈录》游戏主题曲)', '张碧晨', null, 'http://www.nemoyang.cn/bigphoto/000qU2ZQ3uGXg3.jpg', 'http://www.nemoyang.cn/smallphoto/000qU2ZQ3uGXg3.jpg', 'http://dl.stream.qqmusic.qq.com/107405259.mp3?vkey=4A95A0FCDFDC050E9D543841CA4A28AABD19F1973177DAB50', 'http://www.nemoyang.cn/song/107405259.mp3', '287', '1', '[ti&#58;渡红尘&#32;&#40;《蜀山缥缈录》游戏主题曲&#41;]&#10;[ar&#58;张碧晨]&#10;[al&#58;渡红尘]&#10;[by&#58;]&#10;[offset&#58;0]&#10;[00&#58;00&#46;39]渡红尘&#32;&#40;《蜀山缥缈录》游戏主题曲&#41;&#32;&#45;&#32;张碧晨&#10;[00&#58;01&#46;13]词：潇彬&#10;[00&#58;01&#46;27]曲：覃桢&#10;[00&#58;01&#46;87]编曲：薛琳可&#10;[00&#58;03&#46;00]&#10;[00&#58;24&#46;32]荒草枯木&#32;雪纷纷&#10;[00&#58;26&#46;85]&#10;[00&#58;27&#46;64]萧索多少青春&#10;[00&#58;29&#46;86]&#10;[00&#58;30&#46;58]寒夜茫茫&#32;一盏残灯&#10;[00&#58;34&#46;59]&#10;[00&#58;36&#46;18]照不尽离别的人&#10;[00&#58;38&#46;81]&#10;[00&#58;39&#46;55]谁前世用尽缘分&#10;[00&#58;41&#46;85]&#10;[00&#58;42&#46;49]今生相遇&#32;不能相认&#10;[00&#58;46&#46;52]&#10;[00&#58;48&#46;39]荒烟孤城&#32;记忆深&#10;[00&#58;50&#46;75]&#10;[00&#58;51&#46;53]爱勾走痴人魂&#10;[00&#58;53&#46;79]&#10;[00&#58;54&#46;58]琴声阵阵&#32;缥缈红尘&#10;[00&#58;58&#46;65]&#10;[01&#58;00&#46;35]我用千年的情深&#10;[01&#58;02&#46;73]&#10;[01&#58;03&#46;47]几世修炼这一生&#10;[01&#58;05&#46;81]&#10;[01&#58;06&#46;46]只为寻回&#32;你的人&#10;[01&#58;11&#46;09]&#10;[01&#58;12&#46;19]我过蜀山&#32;度过爱和恨&#10;[01&#58;', '0', '0', '0', '0');
INSERT INTO `song` VALUES ('107439108', '还在这里', '刘亦菲', null, 'http://www.nemoyang.cn/bigphoto/001xAYBO1h9hHL.jpg', 'http://www.nemoyang.cn/smallphoto/001xAYBO1h9hHL.jpg', 'http://dl.stream.qqmusic.qq.com/107439108.mp3?vkey=4A95A0FCDFDC050E9D543841CA4A28AABD19F1973177DAB50', 'http://www.nemoyang.cn/song/107439108.mp3', '218', '1', '[ti&#58;还在这里&#32;&#40;《致青春2》电影的主题曲&#41;]&#10;[ar&#58;刘亦菲/王铮亮]&#10;[al&#58;还在这里]&#10;[by&#58;]&#10;[offset&#58;0]&#10;[00&#58;00&#46;90]还在这里&#32;&#40;《致青春•原来你还在这里》电影主题曲&#41;&#32;&#45;&#32;刘亦菲/王铮亮&#10;[00&#58;02&#46;36]词：卢思浩&#10;[00&#58;02&#46;55]曲：王铮亮&#10;[00&#58;02&#46;73]编曲：万家铭&#10;[00&#58;03&#46;57]&#10;[00&#58;21&#46;79]合：也曾说了再见&#10;[00&#58;23&#46;48]&#10;[00&#58;24&#46;29]清空痕迹&#10;[00&#58;25&#46;45]&#10;[00&#58;26&#46;34]以为能平息了回忆&#10;[00&#58;30&#46;09]也曾收拾行李&#10;[00&#58;31&#46;78]&#10;[00&#58;32&#46;57]买了车票&#10;[00&#58;34&#46;08]&#10;[00&#58;34&#46;69]以为从此不会想你&#10;[00&#58;38&#46;47]&#10;[00&#58;40&#46;53]不会想你&#10;[00&#58;42&#46;54]&#10;[00&#58;46&#46;82]也曾看过蝉鸣&#10;[00&#58;48&#46;54]&#10;[00&#58;49&#46;42]听过大雨&#10;[00&#58;50&#46;54]&#10;[00&#58;51&#46;34]思念也被黑夜唤醒&#10;[00&#58;55&#46;10]也曾满心欢喜&#10;[00&#58;56&#46;81]&#10;[00&#58;57&#46;61]翻山越岭&#10;[00&#58;59&#46;15]&#10;[00&#58;59&#46;68]想要把所有告诉你&#10;[01&#58;03&#46;35]&#10;[01&#58;05&#46;90]告诉你&#10;[01&#58;07&#46;91]&#10;[01&#58;10&#46', '0', '5', '0', '0');
INSERT INTO `song` VALUES ('107439472', '我好像在哪见过你 (《精灵王座》动画电影主题曲)', '薛之谦', null, 'http://www.nemoyang.cn/bigphoto/000dcZ9I1nzO62.jpg', 'http://www.nemoyang.cn/smallphoto/000dcZ9I1nzO62.jpg', 'http://dl.stream.qqmusic.qq.com/107439472.mp3?vkey=4A95A0FCDFDC050E9D543841CA4A28AABD19F1973177DAB50', 'http://www.nemoyang.cn/song/107439472.mp3', '279', '1', '[ti&#58;我好像在哪见过你&#32;&#40;《精灵王座》动画电影主题曲&#41;]&#10;[ar&#58;薛之谦]&#10;[al&#58;我好像在哪见过你]&#10;[by&#58;]&#10;[offset&#58;0]&#10;[00&#58;01&#46;80]我好像在哪见过你&#32;&#40;《精灵王座》动画电影主题曲&#41;&#32;&#45;&#32;薛之谦&#10;[00&#58;05&#46;82]词：薛之谦&#10;[00&#58;06&#46;51]曲：薛之谦&#10;[00&#58;09&#46;05]编曲：周以力&#10;[00&#58;10&#46;62]制作人：薛之谦&#10;[00&#58;11&#46;91]配唱制作人：赵英俊&#10;[00&#58;13&#46;69]吉他：张凇&#10;[00&#58;14&#46;55]鼓：陈志昆&#10;[00&#58;15&#46;62]大提琴：吴牧&#10;[00&#58;16&#46;29]混音室：鲍锐&#10;[00&#58;17&#46;04]混音师：鲍锐&#10;[00&#58;17&#46;83]录音助理：王晓海&#10;[00&#58;18&#46;09]&#10;[00&#58;18&#46;88]和你有关观后无感&#10;[00&#58;24&#46;00]&#10;[00&#58;26&#46;44]若是真的敢问作者何来罪恶&#10;[00&#58;31&#46;62]&#10;[00&#58;34&#46;17]劝人离散有多为难&#10;[00&#58;39&#46;42]&#10;[00&#58;41&#46;79]若美丽的故事来得太晚&#10;[00&#58;46&#46;80]&#10;[00&#58;49&#46;39]所以到哪里都像快乐被燃起&#10;[00&#58;54&#46;82]&#10;[00&#58;57&#46;09]就好像你曾在我隔壁的班级&#10;[01&#58;02&#46;22]&#10;[01&#58;04&#46;82]人们把难言的爱都埋入土壤里&#10;[01&#58;09&#46;93]&#10;[01&#58;12&#46;47]袖手旁观着别人尽力撇清自己&#10;[01&#58;17&#46;90]&#10;[', '0', '0', '0', '0');
INSERT INTO `song` VALUES ('107509669', 'We Are One (《半妖倾城》电视剧主题曲)', '郁可唯', null, 'http://www.nemoyang.cn/bigphoto/003Si8pf24Yzvr.jpg', 'http://www.nemoyang.cn/smallphoto/003Si8pf24Yzvr.jpg', 'http://dl.stream.qqmusic.qq.com/107509669.mp3?vkey=4A95A0FCDFDC050E9D543841CA4A28AABD19F1973177DAB50', 'http://www.nemoyang.cn/song/107509669.mp3', '295', '1', '[ti&#58;We&#32;Are&#32;One&#32;&#40;《半妖倾城》电视剧主题曲&#41;]&#10;[ar&#58;郁可唯]&#10;[al&#58;We&#32;Are&#32;One]&#10;[by&#58;]&#10;[offset&#58;0]&#10;[00&#58;00&#46;10]We&#32;Are&#32;One&#32;&#40;《半妖倾城》电视剧主题曲&#41;&#32;&#45;&#32;郁可唯&#10;[00&#58;00&#46;20]Written&#32;by：黄星瑞/谭旋/可可&#10;[00&#58;00&#46;30]&#10;[00&#58;11&#46;86]Bleak&#32;winds&#32;roar&#32;in&#32;the&#32;wilderness&#10;[00&#58;16&#46;18]&#10;[00&#58;16&#46;74]Coldness&#32;numbs&#32;the&#32;senses&#10;[00&#58;21&#46;15]&#10;[00&#58;21&#46;81]The&#32;haze&#32;of&#32;obscurity&#32;haunts&#32;our&#32;path&#10;[00&#58;26&#46;95]Darkness&#32;falls&#32;upon&#32;us&#10;[00&#58;30&#46;81]&#10;[00&#58;32&#46;17]Tender&#32;kisses&#32;kindle&#32;a&#32;blaze&#32;of&#32;hope&#10;[00&#58;36&#46;62]&#10;[00&#58;37&#46;32]Bringing&#32;us&#32;warmth&#32;lighting&#32;our&#32;path&#10;[00&#58;41&#46;85]&#10;[00&#58;42&#46;55]After&#32;the&#32;dark&#32;there&#32;will&#32;be&#32;dawn&#10;[00&#58;47&#46;10]&#10;[00&#58;47&#46;61]Nothing&#32;can&#32;break&#', '0', '0', '0', '0');
INSERT INTO `song` VALUES ('107537382', '造物者', '华晨宇', null, 'http://www.nemoyang.cn/bigphoto/000hXCqs0mNQAU.jpg', 'http://www.nemoyang.cn/smallphoto/000hXCqs0mNQAU.jpg', 'http://dl.stream.qqmusic.qq.com/107537382.mp3?vkey=4A95A0FCDFDC050E9D543841CA4A28AABD19F1973177DAB50', 'http://www.nemoyang.cn/song/107537382.mp3', '191', '1', '[ti&#58;造物者]&#10;[ar&#58;华晨宇]&#10;[al&#58;造物者]&#10;[by&#58;]&#10;[offset&#58;0]&#10;[00&#58;00&#46;28]造物者&#32;&#45;&#32;华晨宇&#10;[00&#58;00&#46;98]词：十禾&#10;[00&#58;01&#46;11]曲：Peter&#32;Bostrom/Andreas&#32;Ohrn&#10;[00&#58;01&#46;58]&#10;[00&#58;14&#46;64]体内的细胞在鼓噪&#10;[00&#58;16&#46;90]对抗万有引力的周遭&#10;[00&#58;20&#46;22]&#10;[00&#58;20&#46;74]谁设下平面的视角&#10;[00&#58;23&#46;00]世界难道就是个圈套&#10;[00&#58;26&#46;82]Na&#32;na&#32;na&#32;na&#32;na&#32;na&#32;na&#10;[00&#58;29&#46;28]相对论在突然间失效&#10;[00&#58;32&#46;07]&#10;[00&#58;32&#46;94]Na&#32;na&#32;na&#32;na&#32;na&#32;na&#32;na&#10;[00&#58;35&#46;54]神秘脑洞转眼间驾到&#10;[00&#58;38&#46;57]&#10;[00&#58;39&#46;22]宇宙在燃烧寻常的统统扔掉&#10;[00&#58;50&#46;66]荷尔蒙在燃烧拯救心跳&#10;[00&#58;56&#46;51]&#10;[00&#58;57&#46;23]年轻大胆造&#10;[01&#58;00&#46;31]年轻就要造&#10;[01&#58;03&#46;65]Go&#10;[01&#58;03&#46;96]&#10;[01&#58;09&#46;00]年轻就要造&#10;[01&#58;09&#46;95]&#10;[01&#58;15&#46;17]年轻就要造&#10;[01&#58;16&#46;81]二次元着色刚刚好&#10;[01&#58;19&#46;13]潮玩部落大声尖叫&#10;[01&#58;22&#46;55]&#10;[01&#58;23&', '0', '0', '0', '0');
INSERT INTO `song` VALUES ('107541569', '未来的进击 (《超少年密码》网络剧主题曲)', 'TFBOYS', null, 'http://www.nemoyang.cn/bigphoto/0000RUY62pVyVu.jpg', 'http://www.nemoyang.cn/smallphoto/0000RUY62pVyVu.jpg', 'http://dl.stream.qqmusic.qq.com/107541569.mp3?vkey=4A95A0FCDFDC050E9D543841CA4A28AABD19F1973177DAB50', 'http://www.nemoyang.cn/song/107541569.mp3', '239', '1', '[ti&#58;未来的进击&#32;&#40;《超少年密码》网络剧主题曲&#41;]&#10;[ar&#58;TFBOYS]&#10;[al&#58;未来的进击]&#10;[by&#58;]&#10;[offset&#58;0]&#10;[00&#58;00&#46;91]未来的进击&#32;&#40;《超少年密码》网络剧主题曲&#41;&#32;&#45;&#32;TFBOYS&#10;[00&#58;05&#46;02]词：王雅君&#10;[00&#58;06&#46;49]曲：胡臻&#10;[00&#58;08&#46;34]&#10;[00&#58;09&#46;40]合：梦想的约定&#32;未来的进击&#10;[00&#58;14&#46;23]别怀疑&#32;所有秘密都揭开谜底&#10;[00&#58;18&#46;05]青春的剧情&#32;是未知的命运&#10;[00&#58;21&#46;83]&#10;[00&#58;22&#46;38]逆风不畏惧&#10;[00&#58;25&#46;54]&#10;[00&#58;26&#46;28]凯：我们来自不同的路径&#10;[00&#58;29&#46;33]&#10;[00&#58;29&#46;99]却向往同个方向前进&#10;[00&#58;33&#46;07]&#10;[00&#58;33&#46;59]也许&#32;沿路会充满着危机&#10;[00&#58;36&#46;85]&#10;[00&#58;37&#46;35]阻挡了光明&#10;[00&#58;39&#46;89]&#10;[00&#58;40&#46;48]源：没关系&#32;我们有百分百的勇气&#10;[00&#58;44&#46;24]&#10;[00&#58;44&#46;85]热情&#32;转身后还会再继续&#10;[00&#58;48&#46;02]&#10;[00&#58;48&#46;61]下过雨&#32;会看见美丽天晴&#10;[00&#58;51&#46;72]&#10;[00&#58;52&#46;40]梦&#32;炙热相信&#10;[00&#58;55&#46;57]&#10;[00&#58;56&#46;42]玺：哪怕会遇到更多的危险袭击&#10;[00&#58;59&#46;49]&#10;[01&#5', '0', '0', '0', '0');
INSERT INTO `song` VALUES ('107542674', '别在需要的时候想起我', '冷漠', null, 'http://www.nemoyang.cn/bigphoto/002Q8NQK4WyzPF.jpg', 'http://www.nemoyang.cn/smallphoto/002Q8NQK4WyzPF.jpg', 'http://dl.stream.qqmusic.qq.com/107542674.mp3?vkey=4A95A0FCDFDC050E9D543841CA4A28AABD19F1973177DAB50', 'http://www.nemoyang.cn/song/107542674.mp3', '277', '1', '[ti&#58;别在需要的时候想起我]&#10;[ar&#58;冷漠]&#10;[al&#58;别在需要的时候想起我]&#10;[by&#58;]&#10;[offset&#58;0]&#10;[00&#58;04&#46;53]别在需要的时候想起我&#32;&#45;&#32;冷漠&#10;[00&#58;05&#46;50]词：周兵&#10;[00&#58;05&#46;65]曲：崔伟立&#10;[00&#58;05&#46;82]&#10;[00&#58;06&#46;69]编曲：冯丹&#10;[00&#58;07&#46;71]&#10;[00&#58;32&#46;30]一场秋雨整夜带来了寒意&#10;[00&#58;36&#46;18]&#10;[00&#58;39&#46;25]谁说秋天是用来分手的季&#10;[00&#58;43&#46;52]&#10;[00&#58;46&#46;92]你冷冷眼神悄悄带走我的心&#10;[00&#58;52&#46;53]&#10;[00&#58;53&#46;79]如同寒风萧瑟吹乱了回忆&#10;[00&#58;57&#46;90]&#10;[01&#58;01&#46;26]看着秋叶窗外一层层堆积&#10;[01&#58;05&#46;77]&#10;[01&#58;08&#46;33]谁懂得它轻舞忧伤的美丽&#10;[01&#58;12&#46;92]&#10;[01&#58;16&#46;25]你突然打扰重温过去的感情&#10;[01&#58;21&#46;81]&#10;[01&#58;22&#46;92]让我念念不忘难以离去&#10;[01&#58;27&#46;40]&#10;[01&#58;30&#46;81]别在需要的时候才想起&#10;[01&#58;33&#46;43]&#10;[01&#58;34&#46;28]爱结束以后谈什么感情&#10;[01&#58;37&#46;14]&#10;[01&#58;37&#46;86]我们之间的关系忽远忽近&#10;[01&#58;41&#46;31]我多想有个完美结局&#10;[01&#58;43&#46;71]&#10;[01&#58;45&#46;06]别在需要的时候才想起&#10;[01&#58;47&#46;92]&#10;[01&#58;48', '0', '0', '0', '0');
INSERT INTO `song` VALUES ('107554985', '为什么我好想告诉他我是谁 (《谎言西西里》电影主题曲)', '张碧晨', null, 'http://www.nemoyang.cn/bigphoto/001RUizS0IIOP1.jpg', 'http://www.nemoyang.cn/smallphoto/001RUizS0IIOP1.jpg', 'http://dl.stream.qqmusic.qq.com/107554985.mp3?vkey=4A95A0FCDFDC050E9D543841CA4A28AABD19F1973177DAB50', 'http://www.nemoyang.cn/song/107554985.mp3', '236', '1', '[ti&#58;为什么我好想告诉他我是谁&#32;&#40;《谎言西西里》电影主题曲&#41;]&#10;[ar&#58;张碧晨]&#10;[al&#58;为什么我好想告诉他我是谁]&#10;[by&#58;]&#10;[offset&#58;0]&#10;[00&#58;00&#46;00]为什么我好想告诉他我是谁&#32;&#40;《谎言西西里》电影主题曲&#41;&#32;&#45;&#32;张碧晨&#10;[00&#58;01&#46;51]词：林奕华&#10;[00&#58;01&#46;69]曲：黄建为&#10;[00&#58;02&#46;81]编曲：窦鹏&#10;[00&#58;03&#46;62]&#10;[00&#58;19&#46;56]心跳好像闹钟&#10;[00&#58;21&#46;80]&#10;[00&#58;23&#46;99]为什么总在不该的时候放纵&#10;[00&#58;30&#46;60]&#10;[00&#58;32&#46;92]两个人不过萍水相逢&#10;[00&#58;37&#46;29]&#10;[00&#58;38&#46;75]何须何必何来冲动&#10;[00&#58;43&#46;63]&#10;[00&#58;44&#46;68]我是不是让他觉得这一切都很朦胧&#10;[00&#58;51&#46;12]&#10;[00&#58;53&#46;97]为什么我好想告诉他我是谁&#10;[01&#58;03&#46;18]&#10;[01&#58;06&#46;83]问号走进了花丛&#10;[01&#58;09&#46;69]&#10;[01&#58;11&#46;06]为什么想知的太多使我脸红&#10;[01&#58;17&#46;79]&#10;[01&#58;20&#46;23]缘何因何为何触动&#10;[01&#58;24&#46;72]&#10;[01&#58;25&#46;88]他让我觉得这一切如同迷宫&#10;[01&#58;31&#46;83]&#10;[01&#58;33&#46;02]你本来就这样安静吗&#10;[01&#58;38&#46;31]&#10;[01&#58;39&#46;40]你的鞋带都这样绑吗&#10;[01&#58;43&#46;75]&#10;[01&#58;48&#4', '0', '0', '0', '0');
INSERT INTO `song` VALUES ('107561564', '最差不过是孤独', '赖伟锋', null, 'http://www.nemoyang.cn/bigphoto/001XnPyi2j9yKb.jpg', 'http://www.nemoyang.cn/smallphoto/001XnPyi2j9yKb.jpg', 'http://dl.stream.qqmusic.qq.com/107561564.mp3?vkey=4A95A0FCDFDC050E9D543841CA4A28AABD19F1973177DAB50', 'http://www.nemoyang.cn/song/107561564.mp3', '219', '1', '[ti&#58;最差不过是孤独]&#10;[ar&#58;赖伟锋]&#10;[al&#58;最差不过是孤独]&#10;[by&#58;]&#10;[offset&#58;0]&#10;[00&#58;00&#46;42]最差不过是孤独&#32;&#45;&#32;赖伟锋&#10;[00&#58;01&#46;58]词：赖伟锋&#10;[00&#58;02&#46;35]曲：赖伟锋&#10;[00&#58;03&#46;09]编曲：张步鸿&#10;[00&#58;04&#46;38]&#10;[00&#58;14&#46;81]一个人去的旅行&#10;[00&#58;17&#46;58]&#10;[00&#58;18&#46;13]一个人看的电影&#10;[00&#58;21&#46;58]总循环着一首歌&#32;一个人听&#10;[00&#58;26&#46;81]&#10;[00&#58;28&#46;79]一个人做的决定&#10;[00&#58;32&#46;18]不必再和谁说明&#10;[00&#58;35&#46;77]然后一个人反省&#10;[00&#58;38&#46;84]&#10;[00&#58;42&#46;77]一个人住着的屋&#10;[00&#58;46&#46;29]一个人自给自足&#10;[00&#58;49&#46;86]不用在意谁和我&#32;形同陌路&#10;[00&#58;55&#46;21]&#10;[00&#58;56&#46;88]一个人再多委屈&#10;[01&#58;00&#46;42]那就不必倾诉&#10;[01&#58;03&#46;22]一个人&#32;没什么不能征服&#10;[01&#58;07&#46;90]&#10;[01&#58;08&#46;64]反正最差也不过是孤独&#10;[01&#58;14&#46;94]&#10;[01&#58;15&#46;46]总好过和另一个她相处&#10;[01&#58;22&#46;54]一个人会有点苦&#32;但不辜负&#10;[01&#58;29&#46;65]有些事情&#32;可有可无&#10;[01&#58;36&#46;85]&#10;[01&#58;50&#46;05]一个人受过的伤&#10;[01&#58;53&#46;41]一个人可以承担&#10;[01&#', '0', '0', '0', '0');
INSERT INTO `song` VALUES ('107570392', '后来 (《致青春•原来你还在这里》电影宣传曲|原唱：刘若英)', '苏运莹', null, 'http://www.nemoyang.cn/bigphoto/000NzJPV0QNATG.jpg', 'http://www.nemoyang.cn/smallphoto/000NzJPV0QNATG.jpg', 'http://dl.stream.qqmusic.qq.com/107570392.mp3?vkey=4A95A0FCDFDC050E9D543841CA4A28AABD19F1973177DAB50', 'http://www.nemoyang.cn/song/107570392.mp3', '239', '1', '[ti&#58;后来&#32;&#40;《致青春：原来你还在这里》电影宣传曲&#124;原唱：刘若英&#41;]&#10;[ar&#58;苏运莹]&#10;[al&#58;后来]&#10;[by&#58;]&#10;[offset&#58;0]&#10;[00&#58;00&#46;73]后来&#32;&#40;《致青春•原来你还在这里》电影宣传曲&#41;&#32;&#45;&#32;苏运莹&#10;[00&#58;02&#46;73]词：CHIHARU&#32;TAMAKI&#10;[00&#58;03&#46;57]曲：CHIHARU&#32;TAMAKI&#10;[00&#58;05&#46;00]中文词：施人诚&#10;[00&#58;05&#46;10]&#10;[00&#58;26&#46;39]栀子花白花瓣&#10;[00&#58;29&#46;40]&#10;[00&#58;32&#46;17]落在我蓝色百褶裙上&#10;[00&#58;35&#46;77]&#10;[00&#58;37&#46;90]爱你&#32;你轻声说&#10;[00&#58;43&#46;22]&#10;[00&#58;44&#46;84]我低下头闻见一阵芬芳&#10;[00&#58;49&#46;20]&#10;[00&#58;51&#46;32]那个永恒的夜晚&#10;[00&#58;54&#46;09]&#10;[00&#58;54&#46;86]十七岁仲夏&#10;[00&#58;56&#46;74]&#10;[00&#58;57&#46;58]你吻我的那个夜晚&#10;[01&#58;02&#46;18]&#10;[01&#58;03&#46;38]让我往后的时光&#10;[01&#58;05&#46;87]&#10;[01&#58;06&#46;87]每当有感叹&#10;[01&#58;09&#46;63]总想起当天的星光&#10;[01&#58;13&#46;40]&#10;[01&#58;14&#46;34]你都如何回忆我&#10;[01&#58;17&#46;37]带着笑或是沉默&#10;[01&#58;19&#46;87]&#10;[01&#58;20&#46;38]这些年来&#10;[01&#58;21&#46;91]有没有人能让你不寂寞&#10;[0', '0', '0', '0', '0');
INSERT INTO `song` VALUES ('107586217', '有些情爱不能碰', '庄心妍', null, 'http://www.nemoyang.cn/bigphoto/000hsMnq2rzTOP.jpg', 'http://www.nemoyang.cn/smallphoto/000hsMnq2rzTOP.jpg', 'http://dl.stream.qqmusic.qq.com/107586217.mp3?vkey=4A95A0FCDFDC050E9D543841CA4A28AABD19F1973177DAB50', 'http://www.nemoyang.cn/song/107586217.mp3', '248', '1', '[ti&#58;有些情爱不能碰]&#10;[ar&#58;庄心妍/海哲明]&#10;[al&#58;有些情爱不能碰]&#10;[by&#58;]&#10;[offset&#58;0]&#10;[00&#58;00&#46;39]有些情爱不能碰&#32;&#45;&#32;庄心妍/海哲明&#10;[00&#58;00&#46;92]词：曾研华&#10;[00&#58;01&#46;72]曲：徐良&#10;[00&#58;02&#46;46]编曲：胜屿&#10;[00&#58;03&#46;52]&#10;[00&#58;14&#46;08]男：给我一个温暖的拥抱&#10;[00&#58;18&#46;18]&#10;[00&#58;18&#46;69]爱已无所求&#10;[00&#58;20&#46;03]&#10;[00&#58;20&#46;77]问你有没有&#32;wo&#10;[00&#58;22&#46;89]&#10;[00&#58;23&#46;55]欠着我送给你的外套&#10;[00&#58;25&#46;69]&#10;[00&#58;26&#46;40]爱过我之后&#32;还我好不好&#32;wo&#10;[00&#58;30&#46;56]女：下午三点&#32;high&#32;tea&#32;的时候&#10;[00&#58;33&#46;18]&#10;[00&#58;33&#46;81]你站在门口&#10;[00&#58;34&#46;98]&#10;[00&#58;35&#46;72]像一只小狗&#32;wo&#10;[00&#58;37&#46;88]&#10;[00&#58;38&#46;48]问你呆呆看够了没有&#10;[00&#58;40&#46;60]&#10;[00&#58;41&#46;22]还不快溜走&#32;wo&#10;[00&#58;43&#46;65]&#10;[00&#58;44&#46;33]男：请不要再无聊等候&#10;[00&#58;47&#46;50]请不要再赖着不走&#10;[00&#58;49&#46;45]感动没有&#32;其实这并没用&#10;[00&#58;52&#46;99]女：请不要再死打硬要&#10;[00&#58;55&#46;17]请不要再依依不舍&#10;[00&#58;56&#46;', '0', '0', '0', '0');
INSERT INTO `song` VALUES ('107587533', 'Here We Are (《使徒行者》电影主题曲)', '华晨宇', null, 'http://www.nemoyang.cn/bigphoto/004fQly22Pwol7.jpg', 'http://www.nemoyang.cn/smallphoto/004fQly22Pwol7.jpg', 'http://dl.stream.qqmusic.qq.com/107587533.mp3?vkey=4A95A0FCDFDC050E9D543841CA4A28AABD19F1973177DAB50', 'http://www.nemoyang.cn/song/107587533.mp3', '290', '2', '[ti&#58;Here&#32;We&#32;Are&#32;&#40;《使徒行者》电影主题曲&#41;]&#10;[ar&#58;华晨宇]&#10;[al&#58;Here&#32;We&#32;Are]&#10;[by&#58;]&#10;[offset&#58;0]&#10;[00&#58;00&#46;92]Here&#32;We&#32;Are&#32;&#40;《使徒行者》电影主题曲&#41;&#32;&#45;&#32;华晨宇&#10;[00&#58;02&#46;15]词：莫安琪/赵一腾&#10;[00&#58;02&#46;48]曲：华晨宇&#10;[00&#58;02&#46;66]编曲：郑楠&#10;[00&#58;02&#46;97]&#10;[00&#58;16&#46;86]我越无所适从&#10;[00&#58;20&#46;64]&#10;[00&#58;22&#46;53]越会事与愿违&#10;[00&#58;27&#46;78]&#10;[00&#58;28&#46;53]在交错的时空&#10;[00&#58;33&#46;59]&#10;[00&#58;34&#46;58]灵魂加速下坠&#10;[00&#58;39&#46;54]&#10;[00&#58;40&#46;22]Here&#32;we&#32;are&#32;here&#32;we&#32;are&#32;here&#32;we&#32;are&#10;[00&#58;45&#46;84]Here&#32;we&#32;are&#32;here&#32;we&#32;are&#32;here&#32;we&#32;are&#10;[00&#58;51&#46;81]Here&#32;we&#32;are&#32;here&#32;we&#32;are&#32;here&#32;we&#32;are&#10;[00&#58;57&#46;25]&#10;[00&#58;57&#46;99]梦却了无影踪&#10;[01&#58;03&#46;39]梦变换&#32;时空现实里&#10;[01&#58;04&#46;69]忽明忽暗&#32;难以触碰&#10;[01&#58;06&#46;27]我站在&#32;山最顶端&#10;[01&#58;07&#46;62]向夜空祈祷&', '0', '0', '0', '0');
INSERT INTO `song` VALUES ('107593194', '男人花', '李昊瀚（山野）', null, 'http://www.nemoyang.cn/bigphoto/002kUKCi2avZxE.jpg', 'http://www.nemoyang.cn/smallphoto/002kUKCi2avZxE.jpg', 'http://dl.stream.qqmusic.qq.com/107593194.mp3?vkey=4A95A0FCDFDC050E9D543841CA4A28AABD19F1973177DAB50', 'http://www.nemoyang.cn/song/107593194.mp3', '315', '2', '[ti&#58;男人花]&#10;[ar&#58;山野]&#10;[al&#58;男人花]&#10;[by&#58;]&#10;[offset&#58;0]&#10;[00&#58;00&#46;20]男人花&#32;&#45;&#32;李昊瀚（山野）&#10;[00&#58;01&#46;28]词：李昊瀚（山野）&#10;[00&#58;03&#46;34]曲：李昊瀚（山野）&#10;[00&#58;05&#46;29]&#10;[00&#58;06&#46;47]编曲：关剑&#10;[00&#58;07&#46;81]&#10;[00&#58;32&#46;48]当保护你的她&#10;[00&#58;34&#46;33]&#10;[00&#58;35&#46;52]变成要你保护的她&#10;[00&#58;37&#46;61]&#10;[00&#58;39&#46;13]当你远离了家&#10;[00&#58;41&#46;04]&#10;[00&#58;41&#46;99]努力有了你爱的她&#10;[00&#58;44&#46;38]&#10;[00&#58;45&#46;70]突然发现那个&#10;[00&#58;48&#46;40]爱着你一生的女人&#10;[00&#58;51&#46;30]&#10;[00&#58;52&#46;26]变成了你最牵挂的老人&#10;[00&#58;57&#46;15]&#10;[00&#58;59&#46;23]从一哭就有人哄&#10;[01&#58;01&#46;69]&#10;[01&#58;02&#46;53]变成再苦也忍着笑&#10;[01&#58;04&#46;88]&#10;[01&#58;06&#46;50]哥们情谊在酒里&#10;[01&#58;08&#46;48]&#10;[01&#58;09&#46;41]喝完了吐的自己擦&#10;[01&#58;11&#46;93]&#10;[01&#58;13&#46;16]就算肩上扛着山&#10;[01&#58;15&#46;26]&#10;[01&#58;16&#46;93]也要装的很潇洒&#10;[01&#58;18&#46;93]&#10;[01&#58;19&#46;74]这就是我们&#10;[01&#58;21&#46;05]&#10;[01&#58;2', '0', '0', '0', '0');
INSERT INTO `song` VALUES ('107600788', '千年游 (《天天向上》之《中华文明之美》板块主题曲)', '李宇春', null, 'http://www.nemoyang.cn/bigphoto/001C83nK23DA30.jpg', 'http://www.nemoyang.cn/smallphoto/001C83nK23DA30.jpg', 'http://dl.stream.qqmusic.qq.com/107600788.mp3?vkey=4A95A0FCDFDC050E9D543841CA4A28AABD19F1973177DAB50', 'http://www.nemoyang.cn/song/107600788.mp3', '255', '2', '[ti&#58;千年游&#32;&#40;《天天向上》之《中华文明之美》板块主题曲&#41;]&#10;[ar&#58;李宇春]&#10;[al&#58;千年游]&#10;[by&#58;]&#10;[offset&#58;0]&#10;[00&#58;00&#46;10]千年游&#32;&#40;《天天向上》之《中华文明之美》板块主题曲&#41;&#32;&#45;&#32;李宇春&#10;[00&#58;00&#46;20]词：亚伦帝尼&#10;[00&#58;00&#46;30]曲：亚伦帝尼&#10;[00&#58;00&#46;40]&#10;[00&#58;01&#46;46]子曰&#32;学而时习之&#32;不亦说乎&#10;[00&#58;09&#46;68]&#10;[00&#58;10&#46;98]有朋自远方来&#32;不亦乐乎&#10;[00&#58;16&#46;17]&#10;[00&#58;17&#46;22]人不知而不愠&#32;不亦君子乎&#10;[00&#58;23&#46;06]&#10;[00&#58;43&#46;59]清晨的钟声回荡&#10;[00&#58;46&#46;00]高山流水白云间&#10;[00&#58;48&#46;35]四书五经六艺&#32;勤学师父圣贤&#10;[00&#58;53&#46;20]仁义礼智信的教诲&#32;犹在耳边&#10;[00&#58;57&#46;14]&#10;[00&#58;57&#46;65]温良恭俭让&#32;记心前&#10;[01&#58;00&#46;07]&#10;[01&#58;02&#46;84]暖暖的阳光洒在&#10;[01&#58;04&#46;66]&#10;[01&#58;05&#46;21]布满青苔的窗沿&#10;[01&#58;07&#46;56]冉冉檀香萦绕&#32;画中嫣然的脸&#10;[01&#58;12&#46;34]翻开藏经阁那卷&#32;尘封的宝典&#10;[01&#58;16&#46;65]期盼前世的你&#32;会再出现&#10;[01&#58;20&#46;47]&#10;[01&#58;21&#46;70]清风拂案&#32;笔墨纸砚&#32;我纵横诗篇&#10;[01&#58;25&#46;61]&#10;[01&#58;26&#46;4', '0', '0', '0', '0');
INSERT INTO `song` VALUES ('107600853', '相爱恨早 (《致青春》电视剧片尾曲)', '那英', null, 'http://www.nemoyang.cn/bigphoto/001iNk9A1M9K5M.jpg', 'http://www.nemoyang.cn/smallphoto/001iNk9A1M9K5M.jpg', 'http://dl.stream.qqmusic.qq.com/107600853.mp3?vkey=4A95A0FCDFDC050E9D543841CA4A28AABD19F1973177DAB50', 'http://www.nemoyang.cn/song/107600853.mp3', '269', '2', '[ti&#58;相爱恨早]&#10;[ar&#58;那英]&#10;[al&#58;相爱恨早]&#10;[by&#58;]&#10;[offset&#58;0]&#10;[00&#58;01&#46;00]相爱恨早&#32;&#40;《致青春》电视剧片尾曲&#41;&#32;&#45;&#32;那英&#10;[00&#58;01&#46;77]词：尹约&#10;[00&#58;01&#46;92]曲：钱雷&#10;[00&#58;02&#46;07]编曲：捞仔&#10;[00&#58;02&#46;74]&#10;[00&#58;25&#46;68]街灯一盏一盏苏醒&#10;[00&#58;29&#46;16]怀念一站站来临&#10;[00&#58;32&#46;67]旧的我&#32;停一停&#10;[00&#58;37&#46;46]&#10;[00&#58;39&#46;75]小心翼翼潜入梦境&#10;[00&#58;43&#46;18]如履薄冰地躲避&#10;[00&#58;46&#46;51]又一次在门外遇见你&#10;[00&#58;51&#46;19]&#10;[00&#58;53&#46;19]许多年久失修回忆&#10;[00&#58;56&#46;51]失眠夜里&#32;又漏雨&#10;[00&#58;59&#46;87]点点滴滴到天明&#10;[01&#58;04&#46;02]&#10;[01&#58;05&#46;83]听晚风还新时光却匆匆老去&#10;[01&#58;12&#46;45]洒水车路过冲洗城市的记忆&#10;[01&#58;19&#46;16]玻璃窗一格一格像旧电影&#10;[01&#58;25&#46;47]&#10;[01&#58;26&#46;21]每一帧都是刚褪色的你&#10;[01&#58;31&#46;38]&#10;[01&#58;32&#46;17]当时青春年少&#10;[01&#58;35&#46;03]&#10;[01&#58;35&#46;57]我们相遇太早&#10;[01&#58;38&#46;91]轻轻牵手拥抱&#10;[01&#58;42&#46;18]透支太多心跳&#10;[01&#58;45&#46;52]岁月汹涌波涛&#10;[01&#58;48&#46;84]冲散恋人毫无预兆&#10;[01&#', '0', '0', '0', '0');
INSERT INTO `song` VALUES ('107601357', '亲爱的我懂了 (《鬼瞳警探》电影主题曲)', '朱其民', null, 'http://www.nemoyang.cn/bigphoto/003hrBfB25ispr.jpg', 'http://www.nemoyang.cn/smallphoto/003hrBfB25ispr.jpg', 'http://dl.stream.qqmusic.qq.com/107601357.mp3?vkey=4A95A0FCDFDC050E9D543841CA4A28AABD19F1973177DAB50', 'http://www.nemoyang.cn/song/107601357.mp3', '279', '2', '[ti&#58;亲爱的我懂了&#32;&#40;《鬼瞳警探》电影主题曲&#41;]&#10;[ar&#58;朱其民]&#10;[al&#58;亲爱的我懂了]&#10;[by&#58;]&#10;[offset&#58;0]&#10;[00&#58;01&#46;02]亲爱的我懂了&#32;&#40;《鬼瞳警探》电影主题曲&#41;&#32;&#45;&#32;朱其民&#10;[00&#58;02&#46;35]词：朱其民&#10;[00&#58;02&#46;54]曲：朱其民&#10;[00&#58;02&#46;88]&#10;[00&#58;17&#46;07]当你开了口&#10;[00&#58;19&#46;48]&#10;[00&#58;20&#46;56]好像末日预言&#10;[00&#58;23&#46;51]&#10;[00&#58;24&#46;16]突然变真了&#10;[00&#58;27&#46;10]&#10;[00&#58;28&#46;54]喔&#32;喔&#10;[00&#58;30&#46;06]&#10;[00&#58;31&#46;37]你转身要走&#10;[00&#58;33&#46;51]&#10;[00&#58;34&#46;84]我多想挽留却&#10;[00&#58;37&#46;51]&#10;[00&#58;38&#46;34]无法再强求&#10;[00&#58;42&#46;80]&#10;[00&#58;44&#46;67]谁说不管天崩也要到白头&#10;[00&#58;49&#46;69]&#10;[00&#58;51&#46;76]谁说所有山盟为我们守候&#10;[00&#58;57&#46;35]亲爱的&#32;是你变了吗&#10;[01&#58;01&#46;26]还是我做的不够好&#10;[01&#58;04&#46;82]不是说好了要一起幸福呢&#10;[01&#58;10&#46;80]&#10;[01&#58;12&#46;94]亲爱的你说的我都懂了&#10;[01&#58;16&#46;46]是不是这一次我们真结束了&#10;[01&#58;20&#46;06]&#10;[01&#58;20&#46;94]再也没有借口&#10;[01&#58;23&#46;70]&#10;[01&#58;24&#4', '0', '0', '0', '0');
INSERT INTO `song` VALUES ('107602121', '还魂门 (《老九门》电视剧主题曲)', '胡彦斌', null, 'http://www.nemoyang.cn/bigphoto/003oId0h1W92Ho.jpg', 'http://www.nemoyang.cn/smallphoto/003oId0h1W92Ho.jpg', 'http://dl.stream.qqmusic.qq.com/107602121.mp3?vkey=4A95A0FCDFDC050E9D543841CA4A28AABD19F1973177DAB50', 'http://www.nemoyang.cn/song/107602121.mp3', '256', '2', '[ti&#58;还魂门&#32;&#40;《老九门》电视剧主题曲&#41;]&#10;[ar&#58;胡彦斌]&#10;[al&#58;还魂门]&#10;[by&#58;]&#10;[offset&#58;0]&#10;[00&#58;00&#46;01]还魂门&#32;&#40;《老九门》电视剧主题曲&#41;&#32;&#45;&#32;胡彦斌&#10;[00&#58;01&#46;14]词：林文炫&#10;[00&#58;01&#46;30]曲：胡彦斌&#10;[00&#58;01&#46;67]&#10;[00&#58;29&#46;90]打开地狱的&#32;大门&#10;[00&#58;35&#46;55]&#10;[00&#58;37&#46;03]不请自来&#32;贪欲念&#10;[00&#58;42&#46;04]&#10;[00&#58;44&#46;12]无常路上&#32;买命钱&#10;[00&#58;49&#46;71]&#10;[00&#58;51&#46;28]是生是畜&#32;黄泉见&#10;[00&#58;56&#46;72]&#10;[00&#58;58&#46;64]还魂门前&#32;许个愿&#10;[01&#58;03&#46;79]&#10;[01&#58;04&#46;46]不要相约&#32;来世见&#10;[01&#58;11&#46;85]&#10;[01&#58;12&#46;86]盗不到的&#32;叫永远&#10;[01&#58;18&#46;81]解不开的&#32;是心门&#10;[01&#58;28&#46;14]&#10;[01&#58;30&#46;94]最美的是&#32;遗言&#10;[01&#58;33&#46;76]&#10;[01&#58;34&#46;42]最丑的是&#32;誓言&#10;[01&#58;37&#46;39]&#10;[01&#58;38&#46;02]那些无法&#32;的改变&#10;[01&#58;40&#46;99]&#10;[01&#58;41&#46;55]就在放下&#32;举起间&#10;[01&#58;45&#46;25]最假的是&#32;眼泪&#10;[01&#58;48&#46;12]&#10;[01&#58;48&#46;78]最真的看&#32;不见&#10;[0', '0', '0', '0', '0');
INSERT INTO `song` VALUES ('107644046', '中国新歌声', '杨帆', null, 'http://www.nemoyang.cn/bigphoto/002PPhG80R66zB.jpg', 'http://www.nemoyang.cn/smallphoto/002PPhG80R66zB.jpg', 'http://dl.stream.qqmusic.qq.com/107644046.mp3?vkey=4A95A0FCDFDC050E9D543841CA4A28AABD19F1973177DAB50', 'http://www.nemoyang.cn/song/107644046.mp3', '212', '2', '[ti&#58;中国新歌声]&#10;[ar&#58;杨帆]&#10;[al&#58;中国新歌声]&#10;[by&#58;]&#10;[offset&#58;0]&#10;[00&#58;00&#46;33]中国新歌声&#32;&#45;&#32;杨帆&#10;[00&#58;02&#46;50]词：映帆音乐&#10;[00&#58;03&#46;85]曲：映帆音乐&#10;[00&#58;05&#46;52]&#10;[00&#58;08&#46;28]每个人都有独特的声波&#10;[00&#58;12&#46;60]用音乐去诉说&#10;[00&#58;15&#46;42]&#10;[00&#58;16&#46;37]相信深深埋在心里的梦&#10;[00&#58;21&#46;06]会释放出感动&#10;[00&#58;24&#46;70]&#10;[00&#58;25&#46;86]一颗赤子之心&#10;[00&#58;30&#46;16]永远不会变&#10;[00&#58;32&#46;99]&#10;[00&#58;33&#46;96]要努力去实现&#10;[00&#58;36&#46;31]要突破边界&#10;[00&#58;38&#46;19]就不怕路途遥远&#10;[00&#58;42&#46;06]&#10;[00&#58;42&#46;68]每一个人都唱出自己的歌声&#10;[00&#58;46&#46;86]来为自己的勇敢加分&#10;[00&#58;50&#46;96]唱得感动到眼眶湿润&#10;[00&#58;55&#46;48]每秒的律动激荡着灵魂&#10;[00&#58;59&#46;96]每一个人都唱出自己的歌声&#10;[01&#58;04&#46;08]寻找自己新的人生&#10;[01&#58;07&#46;76]向着梦想努力飞奔&#10;[01&#58;12&#46;84]我就是中国新的歌声&#10;[01&#58;19&#46;51]&#10;[01&#58;34&#46;74]一颗赤子之心&#10;[01&#58;39&#46;20]永远不会变&#10;[01&#58;42&#46;72]要努力去实现&#10;[01&#58;45&#46;55]要突破边界&#10;[01&#58;47&#46;37]就不怕路途遥远&#10', '0', '0', '0', '0');
INSERT INTO `song` VALUES ('107644257', '来生愿做一朵莲', '魏新雨', null, 'http://www.nemoyang.cn/bigphoto/002TTN151T4Di2.jpg', 'http://www.nemoyang.cn/smallphoto/002TTN151T4Di2.jpg', 'http://dl.stream.qqmusic.qq.com/107644257.mp3?vkey=4A95A0FCDFDC050E9D543841CA4A28AABD19F1973177DAB50', 'http://www.nemoyang.cn/song/107644257.mp3', '303', '2', '[ti&#58;来生愿做一朵莲]&#10;[ar&#58;魏新雨]&#10;[al&#58;来生愿做一朵莲]&#10;[by&#58;]&#10;[offset&#58;0]&#10;[00&#58;00&#46;76]来生愿做一朵莲&#32;&#45;&#32;魏新雨&#10;[00&#58;02&#46;36]词：静儿&#10;[00&#58;03&#46;19]曲：崔伟立&#10;[00&#58;03&#46;98]&#10;[00&#58;25&#46;11]来生愿做一朵莲&#10;[00&#58;29&#46;06]&#10;[00&#58;30&#46;53]静静盛开在佛前&#10;[00&#58;34&#46;72]&#10;[00&#58;35&#46;79]出淤泥不染&#10;[00&#58;38&#46;48]倚清风而眠&#10;[00&#58;40&#46;88]&#10;[00&#58;41&#46;58]花开不语&#10;[00&#58;42&#46;89]花落无言&#10;[00&#58;46&#46;08]&#10;[00&#58;47&#46;23]来生愿做一朵莲&#10;[00&#58;51&#46;62]&#10;[00&#58;52&#46;67]与你再续三生缘&#10;[00&#58;57&#46;22]&#10;[00&#58;58&#46;06]不早也不晚&#10;[01&#58;00&#46;59]来到你身边&#10;[01&#58;03&#46;03]&#10;[01&#58;03&#46;72]不再错过&#10;[01&#58;04&#46;98]不再擦肩&#10;[01&#58;08&#46;46]来生愿做一朵莲&#10;[01&#58;14&#46;00]或在佛前&#10;[01&#58;16&#46;02]或在你心田&#10;[01&#58;18&#46;95]&#10;[01&#58;19&#46;49]一生风清云淡&#10;[01&#58;22&#46;65]不纠也不缠&#10;[01&#58;25&#46;39]迎风舒展&#10;[01&#58;27&#46;09]浅笑嫣然&#10;[01&#58;30&#46;50]来生愿做一朵莲&#10;[01&#58;35&#46;58]&#10;[01&#58;3', '0', '0', '0', '0');
INSERT INTO `song` VALUES ('107659796', 'Fight III', '华语群星', null, 'http://www.nemoyang.cn/bigphoto/000CsLw70X5n7z.jpg', 'http://www.nemoyang.cn/smallphoto/000CsLw70X5n7z.jpg', 'http://dl.stream.qqmusic.qq.com/107659796.mp3?vkey=4A95A0FCDFDC050E9D543841CA4A28AABD19F1973177DAB50', 'http://www.nemoyang.cn/song/107659796.mp3', '123', '2', '[00&#58;00&#58;00]此歌曲为没有填词的纯音乐，请您欣赏', '0', '4', '0', '0');
INSERT INTO `song` VALUES ('107668058', '冲动 (《旋风少女 第二季》电视剧片头曲)', '印子月', null, 'http://www.nemoyang.cn/bigphoto/000CsLw70X5n7z.jpg', 'http://www.nemoyang.cn/smallphoto/000CsLw70X5n7z.jpg', 'http://dl.stream.qqmusic.qq.com/107668058.mp3?vkey=4A95A0FCDFDC050E9D543841CA4A28AABD19F1973177DAB50', 'http://www.nemoyang.cn/song/107668058.mp3', '208', '2', '[ti&#58;冲动&#32;&#40;《旋风少女&#32;第2季》电视剧片头曲&#41;]&#10;[ar&#58;印子月]&#10;[al&#58;冲动]&#10;[by&#58;]&#10;[offset&#58;0]&#10;[00&#58;00&#46;47]冲动&#32;&#40;《旋风少女&#32;第二季》电视剧片头曲&#41;&#32;&#45;&#32;印子月&#10;[00&#58;01&#46;23]词：印子月&#10;[00&#58;01&#46;40]曲：印子月&#10;[00&#58;01&#46;56]编曲：洋洋&#10;[00&#58;01&#46;92]&#10;[00&#58;23&#46;31]当破晓的光&#10;[00&#58;25&#46;06]&#10;[00&#58;25&#46;87]透射过心房&#10;[00&#58;27&#46;89]&#10;[00&#58;28&#46;59]信仰催促着我们快出发&#10;[00&#58;32&#46;35]&#10;[00&#58;33&#46;95]从不会迷茫&#10;[00&#58;35&#46;80]&#10;[00&#58;36&#46;61]奔跑的路上&#10;[00&#58;38&#46;70]&#10;[00&#58;39&#46;33]梦想的光芒照得脸发烫&#10;[00&#58;43&#46;71]举起你的手&#32;放纵你狂跳的脉搏&#10;[00&#58;48&#46;45]&#10;[00&#58;49&#46;00]感受爱最真实的躁动&#10;[00&#58;53&#46;76]&#10;[00&#58;54&#46;46]握紧我的手&#10;[00&#58;56&#46;63]对抗全世界的操控&#10;[00&#58;59&#46;15]&#10;[00&#58;59&#46;66]找回梦最开始的冲动&#10;[01&#58;04&#46;40]&#10;[01&#58;16&#46;92]当破晓的光&#10;[01&#58;19&#46;04]&#10;[01&#58;19&#46;56]透射过心房&#10;[01&#58;21&#46;54]&#10;[01&#58;22&#46;14]信仰催促着我们快出发&#10;[01&#58;26&#46', '0', '0', '0', '0');
INSERT INTO `song` VALUES ('107669047', '时光正好 (《夏有乔木雅望天堂》电影推广曲)', '郁可唯', null, 'http://www.nemoyang.cn/bigphoto/001XtUYp1tUAny.jpg', 'http://www.nemoyang.cn/smallphoto/001XtUYp1tUAny.jpg', 'http://dl.stream.qqmusic.qq.com/107669047.mp3?vkey=4A95A0FCDFDC050E9D543841CA4A28AABD19F1973177DAB50', 'http://www.nemoyang.cn/song/107669047.mp3', '239', '2', '[ti&#58;时光正好&#32;&#40;《夏有乔木雅望天堂》电影推广曲&#41;]&#10;[ar&#58;郁可唯]&#10;[al&#58;时光正好]&#10;[by&#58;]&#10;[offset&#58;0]&#10;[00&#58;00&#46;16]时光正好&#32;&#40;《夏有乔木雅望天堂》电影推广曲&#41;&#32;&#45;&#32;郁可唯&#10;[00&#58;04&#46;59]词：唐恬&#10;[00&#58;05&#46;33]曲：金大洲&#10;[00&#58;06&#46;73]编曲：金大洲&#10;[00&#58;09&#46;76]&#10;[00&#58;16&#46;17]踩碎一夜的月光&#10;[00&#58;19&#46;00]&#10;[00&#58;19&#46;96]心跳像树影摇晃&#10;[00&#58;23&#46;23]我和他清白明朗&#10;[00&#58;27&#46;57]雅望一个天堂&#10;[00&#58;30&#46;87]&#10;[00&#58;31&#46;39]那是正好的时光&#10;[00&#58;34&#46;28]&#10;[00&#58;35&#46;16]爱上刚好的对方&#10;[00&#58;38&#46;56]命运一声不响等我们投降&#10;[00&#58;42&#46;61]把通往幸福的方向变成各自流浪&#10;[00&#58;48&#46;75]&#10;[00&#58;49&#46;47]我爱你啊&#10;[00&#58;51&#46;85]&#10;[00&#58;52&#46;44]很想念很感谢有你的夏天&#10;[00&#58;57&#46;10]没有人说谎啊&#10;[01&#58;00&#46;93]可时间会擦掉承诺的话&#10;[01&#58;04&#46;75]很爱你啊&#10;[01&#58;07&#46;60]以沉默以眼泪以正好时光&#10;[01&#58;12&#46;37]我站在那年那夜那一天&#10;[01&#58;18&#46;11]&#10;[01&#58;18&#46;79]你不来我不老&#10;[01&#58;23&#46;01]&#10;[01&#58;45&#46;85]单车前面的肩膀&#10;[01&#58;48&#46;', '0', '0', '0', '0');
INSERT INTO `song` VALUES ('107673300', '若', '李宇春', null, 'http://www.nemoyang.cn/bigphoto/001YsCYu0JWzsM.jpg', 'http://www.nemoyang.cn/smallphoto/001YsCYu0JWzsM.jpg', 'http://dl.stream.qqmusic.qq.com/107673300.mp3?vkey=4A95A0FCDFDC050E9D543841CA4A28AABD19F1973177DAB50', 'http://www.nemoyang.cn/song/107673300.mp3', '235', '2', '[ti&#58;01&#43;《若》]&#10;[ar&#58;1]&#10;[al&#58;]&#10;[by&#58;]&#10;[offset&#58;0]&#10;[00&#58;01&#46;46]若&#32;&#45;&#32;李宇春&#10;[00&#58;02&#46;90]词：宋涛&#10;[00&#58;03&#46;79]曲：宋涛&#10;[00&#58;04&#46;94]编曲：郑楠&#10;[00&#58;06&#46;50]制作人：郑楠&#10;[00&#58;06&#46;60]&#10;[00&#58;19&#46;39]这浮躁的声音好听&#10;[00&#58;27&#46;29]&#10;[00&#58;29&#46;02]这颓败的花朵好看&#10;[00&#58;36&#46;57]&#10;[00&#58;38&#46;80]扭曲我的世界只因为活着&#10;[00&#58;46&#46;67]&#10;[00&#58;52&#46;87]我不是发光的宝石&#10;[01&#58;00&#46;94]&#10;[01&#58;02&#46;39]也不必永恒地赏赐&#10;[01&#58;10&#46;53]&#10;[01&#58;12&#46;29]可执著若我般灿烂天真啊&#10;[01&#58;19&#46;93]&#10;[01&#58;22&#46;56]若你能看见我&#10;[01&#58;29&#46;54]&#10;[01&#58;32&#46;02]请留一盏灯火&#10;[01&#58;39&#46;77]&#10;[01&#58;41&#46;68]孤独是种认可&#10;[01&#58;50&#46;14]&#10;[01&#58;51&#46;19]我愿为我狂热&#10;[01&#58;58&#46;71]&#10;[02&#58;19&#46;52]我不是发光的宝石&#10;[02&#58;26&#46;99]&#10;[02&#58;28&#46;80]也不必永恒地赏赐&#10;[02&#58;36&#46;75]&#10;[02&#58;38&#46;51]可执著若我般灿烂天真啊&#10;[02&#58;46&#46;54]&#10;[02&#58;48&#46;30]若你能看见我&#10;[02&#5', '0', '0', '0', '0');
INSERT INTO `song` VALUES ('107673931', '陆垚知马俐 (《陆垚知马俐》电影主题曲)', '火星电台', null, 'http://www.nemoyang.cn/bigphoto/0012EDyb4KI6VX.jpg', 'http://www.nemoyang.cn/smallphoto/0012EDyb4KI6VX.jpg', 'http://dl.stream.qqmusic.qq.com/107673931.mp3?vkey=4A95A0FCDFDC050E9D543841CA4A28AABD19F1973177DAB50', 'http://www.nemoyang.cn/song/107673931.mp3', '294', '2', '[ti&#58;陆垚知马俐&#32;&#40;《陆垚知马俐》电影主题曲&#41;]&#10;[ar&#58;黄少峰]&#10;[al&#58;陆垚知马俐]&#10;[by&#58;]&#10;[offset&#58;0]&#10;[00&#58;00&#46;39]陆垚知马俐&#32;&#40;《陆垚知马俐》电影主题曲&#41;&#32;&#45;&#32;火星电台&#10;[00&#58;04&#46;61]词：火星电台&#10;[00&#58;05&#46;93]曲：火星电台&#10;[00&#58;06&#46;86]&#10;[00&#58;13&#46;67]嘿你们都别哭了&#10;[00&#58;17&#46;62]&#10;[00&#58;20&#46;73]他要走你就让他走吧&#10;[00&#58;23&#46;16]那只愚蠢的乌鸦&#10;[00&#58;25&#46;62]&#10;[00&#58;26&#46;91]嘿你们都别傻了&#10;[00&#58;31&#46;00]&#10;[00&#58;33&#46;89]一万零九百五十七天半&#10;[00&#58;36&#46;48]该放的还是要放下&#10;[00&#58;39&#46;46]一种叫做幼稚的我们的&#10;[00&#58;43&#46;43]固执的潇洒&#10;[00&#58;45&#46;57]&#10;[00&#58;46&#46;77]给我们的一场梦&#10;[00&#58;49&#46;95]你做的过瘾吗&#10;[00&#58;52&#46;44]我要的不是你爱我&#10;[00&#58;55&#46;54]&#10;[00&#58;56&#46;75]更不是你恨我&#10;[00&#58;59&#46;35]都他妈的太麻烦&#10;[01&#58;01&#46;57]&#10;[01&#58;05&#46;68]我要的只是简单的&#10;[01&#58;08&#46;88]&#10;[01&#58;10&#46;19]只是诚实的&#10;[01&#58;12&#46;74]好好享受平凡&#10;[01&#58;15&#46;73]&#10;[01&#58;19&#46;18]我要的一定是对的&#10;[01&#58;22&#46;34]&#10;[01&#58;', '0', '0', '0', '0');
INSERT INTO `song` VALUES ('107693524', '花儿和少年', '薛之谦', null, 'http://www.nemoyang.cn/bigphoto/000dcZ9I1nzO62.jpg', 'http://www.nemoyang.cn/smallphoto/000dcZ9I1nzO62.jpg', 'http://dl.stream.qqmusic.qq.com/107693524.mp3?vkey=4A95A0FCDFDC050E9D543841CA4A28AABD19F1973177DAB50', 'http://www.nemoyang.cn/song/107693524.mp3', '262', '2', '[ti&#58;花儿和少年]&#10;[ar&#58;薛之谦]&#10;[al&#58;初学者]&#10;[by&#58;]&#10;[offset&#58;0]&#10;[00&#58;00&#46;44]花儿和少年&#32;&#45;&#32;薛之谦&#10;[00&#58;02&#46;28]词：文雅&#10;[00&#58;03&#46;13]曲：薛之谦/高阳&#10;[00&#58;04&#46;89]编曲：郑伟&#10;[00&#58;05&#46;86]录音师：莫家伟&#10;[00&#58;07&#46;45]混音师：郑伟&#10;[00&#58;08&#46;83]母带处理工程师：郑伟&#10;[00&#58;11&#46;52]&#10;[00&#58;18&#46;89]眼泪蒸发成盐&#32;伤口磨灭成茧&#10;[00&#58;23&#46;21]新将旧的封缄&#32;痛替伤口消炎&#10;[00&#58;28&#46;11]&#10;[00&#58;30&#46;60]作祟的原是多巴胺和肾上腺&#10;[00&#58;37&#46;38]&#10;[00&#58;38&#46;31]当我们已是向前&#32;一去难回头的箭&#10;[00&#58;46&#46;60]&#10;[00&#58;48&#46;26]光阴还在原点&#10;[00&#58;51&#46;46]&#10;[00&#58;55&#46;41]还懵懂的&#32;花儿和少年&#10;[00&#58;59&#46;47]眉梢眼角带电&#32;近情情怯&#10;[01&#58;03&#46;61]&#10;[01&#58;04&#46;55]花儿长发披肩&#32;少年恰似同学&#10;[01&#58;09&#46;20]&#10;[01&#58;10&#46;20]纯净但也热烈&#10;[01&#58;13&#46;36]未经事的&#32;花儿和少年&#10;[01&#58;16&#46;88]&#10;[01&#58;17&#46;54]辗转唇齿之间&#10;[01&#58;20&#46;85]&#10;[01&#58;22&#46;09]在静谧里的爱恋&#32;有嚣张的气焰&#10;[01&#58;27&#46;30]&#10;[01&#58;28&#46;35]最扣人心弦', '0', '0', '0', '0');
INSERT INTO `song` VALUES ('107699505', '最好的安排', '曲婉婷', null, 'http://www.nemoyang.cn/bigphoto/001OagqO2X2XiO.jpg', 'http://www.nemoyang.cn/smallphoto/001OagqO2X2XiO.jpg', 'http://dl.stream.qqmusic.qq.com/107699505.mp3?vkey=4A95A0FCDFDC050E9D543841CA4A28AABD19F1973177DAB50', 'http://www.nemoyang.cn/song/107699505.mp3', '250', '2', '[ti&#58;最好的安排]&#10;[ar&#58;曲婉婷]&#10;[al&#58;最好的安排]&#10;[by&#58;]&#10;[offset&#58;0]&#10;[00&#58;00&#46;10]最好的安排&#32;&#45;&#32;曲婉婷&#10;[00&#58;00&#46;20]词：曲婉婷/尹约&#10;[00&#58;00&#46;30]曲：曲婉婷&#10;[00&#58;00&#46;74]他们说一切都是最好的安排&#10;[00&#58;07&#46;66]&#10;[00&#58;08&#46;33]就让爱教我学会忍耐&#10;[00&#58;13&#46;50]&#10;[00&#58;15&#46;00]我愿意承受所有绝望与苦难&#10;[00&#58;22&#46;11]&#10;[00&#58;22&#46;69]如果一切是最好的安排&#10;[00&#58;27&#46;55]&#10;[00&#58;30&#46;45]指尖下冰冷的键盘孤独地苍白&#10;[00&#58;36&#46;32]&#10;[00&#58;37&#46;42]微弱烛心随风摇摆&#10;[00&#58;40&#46;51]无处可归地徘徊&#10;[00&#58;43&#46;44]&#10;[00&#58;44&#46;82]笔尖下的泪滴洇开难绘你色彩&#10;[00&#58;50&#46;55]&#10;[00&#58;51&#46;72]像是一枚坠落尘埃&#10;[00&#58;54&#46;86]渺小到我已不存在&#10;[00&#58;58&#46;27]他们说一切都是最好的安排&#10;[01&#58;05&#46;02]&#10;[01&#58;05&#46;71]就让爱教我学会忍耐&#10;[01&#58;10&#46;34]&#10;[01&#58;12&#46;49]我愿意承受所有绝望与苦难&#10;[01&#58;19&#46;40]&#10;[01&#58;20&#46;21]如果一切是最好的安排&#10;[01&#58;25&#46;20]&#10;[01&#58;27&#46;98]你走那天我的灵魂陷入了长眠&#10;[01&#58;33&#46;57]&#10;[01&#58;34&#46;93]昏睡四季没有呼吸&#10', '0', '0', '0', '0');
INSERT INTO `song` VALUES ('107700321', '摩天轮的思念', '王俊凯', null, 'http://www.nemoyang.cn/bigphoto/000mfSsy1zp0F7.jpg', 'http://www.nemoyang.cn/smallphoto/000mfSsy1zp0F7.jpg', 'http://dl.stream.qqmusic.qq.com/107700321.mp3?vkey=4A95A0FCDFDC050E9D543841CA4A28AABD19F1973177DAB50', 'http://www.nemoyang.cn/song/107700321.mp3', '233', '2', '[ti&#58;摩天轮的思念]&#10;[ar&#58;王俊凯]&#10;[al&#58;]&#10;[by&#58;]&#10;[offset&#58;0]&#10;[00&#58;00&#46;81]摩天轮的思念&#32;&#40;《超少年密码》网络剧插曲&#41;&#32;&#45;&#32;王俊凯&#10;[00&#58;04&#46;99]词：阿火&#10;[00&#58;06&#46;59]&#10;[00&#58;07&#46;12]曲：阿火&#10;[00&#58;08&#46;75]&#10;[00&#58;18&#46;30]摩天轮之上&#32;回忆正旋转着过往&#10;[00&#58;24&#46;22]&#10;[00&#58;25&#46;60]也许这是我&#32;最后一次和你眺望&#10;[00&#58;31&#46;93]&#10;[00&#58;33&#46;13]你选的地方&#32;爱与伤复杂的景象&#10;[00&#58;39&#46;29]&#10;[00&#58;41&#46;68]开始和结束都一样&#10;[00&#58;45&#46;51]&#10;[00&#58;47&#46;21]偶尔也听说&#32;除了我&#32;你还有个角落&#10;[00&#58;54&#46;23]&#10;[00&#58;54&#46;87]我却装作沉默&#32;还冷漠的犯错&#10;[00&#58;58&#46;61]&#10;[00&#58;59&#46;38]让你找他诉说&#10;[01&#58;01&#46;93]我想我还在等&#32;等你说早已不可能&#10;[01&#58;09&#46;25]星空下的眼泪&#32;再也忍不住崩溃&#10;[01&#58;16&#46;64]霓虹灯绕一圈&#32;我们就要分别&#10;[01&#58;24&#46;04]&#10;[01&#58;24&#46;67]我给的爱停在&#32;门一开的瞬间&#10;[01&#58;31&#46;84]&#10;[01&#58;46&#46;42]摩天轮之上&#32;回忆正旋转着过往&#10;[01&#58;52&#46;75]&#10;[01&#58;55&#46;07]开始和结束都一样&#10;[01&#58;58&#46;43]&#10;[02&#58', '0', '0', '0', '0');
INSERT INTO `song` VALUES ('107708863', '大钱世界', '陈浩东', null, 'http://www.nemoyang.cn/bigphoto/00166fFe0s6EaA.jpg', 'http://www.nemoyang.cn/smallphoto/00166fFe0s6EaA.jpg', 'http://dl.stream.qqmusic.qq.com/107708863.mp3?vkey=4A95A0FCDFDC050E9D543841CA4A28AABD19F1973177DAB50', 'http://www.nemoyang.cn/song/107708863.mp3', '199', '2', '[ti&#58;大钱世界]&#10;[ar&#58;陈浩东]&#10;[al&#58;大钱世界]&#10;[by&#58;]&#10;[offset&#58;0]&#10;[00&#58;00&#46;02]大钱世界&#32;&#45;&#32;陈浩东&#10;[00&#58;01&#46;62]词：陈浩东&#10;[00&#58;02&#46;62]曲：陈浩东&#10;[00&#58;03&#46;60]编曲：黄雨勋&#10;[00&#58;05&#46;15]&#10;[00&#58;17&#46;55]Rap：穿上&#32;了我爸的西装&#10;[00&#58;20&#46;33]走路的步调&#10;[00&#58;21&#46;70]更像是&#32;红酒喝多了的熊&#10;[00&#58;24&#46;41]一步一跌倒&#10;[00&#58;25&#46;67]要我说&#32;朋友&#32;圈里晒的胸&#10;[00&#58;28&#46;41]比熊还更多&#10;[00&#58;29&#46;88]今天买了一只&#32;表&#10;[00&#58;31&#46;64]并不是&#32;你要的&#32;表&#10;[00&#58;33&#46;77]&#10;[00&#58;34&#46;32]我想起那时曾爱过的&#32;Girl&#10;[00&#58;36&#46;33]把我当斑鸠的&#32;Girl&#10;[00&#58;38&#46;38]假装做没男友&#32;一起吃好丽友&#10;[00&#58;40&#46;54]发誓不爱钱的Girl&#10;[00&#58;42&#46;21]I&#32;wanna&#32;to&#32;say&#32;goodbye&#32;to&#32;you&#10;[00&#58;44&#46;30]在最后却又回头&#10;[00&#58;46&#46;09]I&#32;wanna&#32;to&#32;say&#32;goodbye&#32;to&#32;you&#10;[00&#58;48&#46;44]Wait&#10;[00&#58;48&#46;91]这是大钱世界&#10;[00&#58;51&#46;82]奢华代表一切&#10;[00&#58;54&#46;34]就像我手上的耀眼钻戒&#10;[00&#5', '0', '0', '0', '0');
INSERT INTO `song` VALUES ('107710757', '落空 (《旋风少女 第二季》电视剧主题曲)', '印子月', null, 'http://www.nemoyang.cn/bigphoto/000CsLw70X5n7z.jpg', 'http://www.nemoyang.cn/smallphoto/000CsLw70X5n7z.jpg', 'http://dl.stream.qqmusic.qq.com/107710757.mp3?vkey=4A95A0FCDFDC050E9D543841CA4A28AABD19F1973177DAB50', 'http://www.nemoyang.cn/song/107710757.mp3', '233', '2', '[ti&#58;落空&#32;&#40;《旋风少女&#32;第2季》电视剧主题曲&#41;]&#10;[ar&#58;印子月]&#10;[al&#58;落空]&#10;[by&#58;]&#10;[offset&#58;0]&#10;[00&#58;01&#46;21]落空&#32;&#40;《旋风少女&#32;第二季》电视剧主题曲&#41;&#32;&#45;&#32;印子月&#10;[00&#58;02&#46;55]词：印子月&#10;[00&#58;02&#46;74]曲：印子月&#10;[00&#58;02&#46;92]编曲：孙沛&#10;[00&#58;03&#46;33]&#10;[00&#58;18&#46;29]你说完了的话还在心头汹涌&#10;[00&#58;23&#46;84]&#10;[00&#58;24&#46;83]笑着挥手&#32;还没回头&#10;[00&#58;28&#46;31]&#10;[00&#58;29&#46;02]泪水比我坦诚&#10;[00&#58;31&#46;96]&#10;[00&#58;33&#46;47]比离别更怕思念如洪水猛兽&#10;[00&#58;39&#46;26]&#10;[00&#58;40&#46;27]吞噬了我&#32;又陪着我&#10;[00&#58;43&#46;63]&#10;[00&#58;44&#46;20]温柔舔舐伤痕&#10;[00&#58;48&#46;79]&#10;[00&#58;49&#46;50]有一颗紧紧依靠着你的心&#10;[00&#58;53&#46;88]一瞬间落空&#10;[00&#58;57&#46;25]我们都曾试过想以后&#10;[01&#58;01&#46;13]以后却不会来了&#10;[01&#58;04&#46;66]有一个只想拥抱着你的我&#10;[01&#58;09&#46;12]一瞬间落空&#10;[01&#58;11&#46;91]&#10;[01&#58;12&#46;48]最后一刻其实我还没走&#10;[01&#58;16&#46;35]看你背影越来越远了&#10;[01&#58;23&#46;20]&#10;[01&#58;36&#46;41]你说完了的话还在心头汹涌&#10;[01&#58;42&#46;21]&#10;[01&#', '0', '0', '0', '0');
INSERT INTO `song` VALUES ('107737995', '你有没有想过 (《旋风少女 第二季》电视剧插曲)', '徐浩', null, 'http://www.nemoyang.cn/bigphoto/000CsLw70X5n7z.jpg', 'http://www.nemoyang.cn/smallphoto/000CsLw70X5n7z.jpg', 'http://dl.stream.qqmusic.qq.com/107737995.mp3?vkey=4A95A0FCDFDC050E9D543841CA4A28AABD19F1973177DAB50', 'http://www.nemoyang.cn/song/107737995.mp3', '239', '2', '[ti&#58;你有没有想过&#40;旋风少女2片中曲&#41;&#45;徐浩]&#10;[ar&#58;华语群星]&#10;[al&#58;Aivy]&#10;[by&#58;]&#10;[offset&#58;0]&#10;[00&#58;00&#46;10]你有没有想过&#32;&#40;《旋风少女&#32;第二季》电视剧插曲&#41;&#32;&#45;&#32;徐浩&#10;[00&#58;00&#46;20]&#10;[00&#58;03&#46;52]词：印子月&#10;[00&#58;04&#46;23]曲：印子月&#10;[00&#58;05&#46;50]编曲：孙沛&#10;[00&#58;05&#46;60]&#10;[00&#58;19&#46;61]你的影子还在陪着我&#10;[00&#58;24&#46;67]&#10;[00&#58;26&#46;59]善良的它&#32;还没走&#10;[00&#58;31&#46;01]&#10;[00&#58;32&#46;38]当我睡着就跟随我入梦&#10;[00&#58;39&#46;00]醒来有孤单安慰我&#10;[00&#58;45&#46;04]&#10;[00&#58;47&#46;85]请原谅我的不知所措&#10;[00&#58;52&#46;94]&#10;[00&#58;54&#46;81]面对你的镇定自若&#10;[00&#58;59&#46;20]&#10;[01&#58;00&#46;58]忍住告别的我心却在颤抖&#10;[01&#58;07&#46;64]多想还能再牵你的手&#10;[01&#58;13&#46;74]&#10;[01&#58;15&#46;17]你有没有想过&#32;我会有多难过&#10;[01&#58;21&#46;80]&#10;[01&#58;22&#46;62]还是比起我更向往自由&#10;[01&#58;28&#46;38]&#10;[01&#58;29&#46;68]你已经走远可我&#10;[01&#58;32&#46;82]仍然逃不出昨天&#10;[01&#58;35&#46;86]求回忆&#32;放我走&#10;[01&#58;40&#46;92]&#10;[01&#58;44&#46;26]请原谅我的不知所措&#10;[01&#58;49', '0', '0', '0', '0');
INSERT INTO `song` VALUES ('107738093', '诛仙青云志', '张沫凡', null, 'http://www.nemoyang.cn/bigphoto/0012Rj8n4UTQ6L.jpg', 'http://www.nemoyang.cn/smallphoto/0012Rj8n4UTQ6L.jpg', 'http://dl.stream.qqmusic.qq.com/107738093.mp3?vkey=4A95A0FCDFDC050E9D543841CA4A28AABD19F1973177DAB50', 'http://www.nemoyang.cn/song/107738093.mp3', '299', '2', '[ti&#58;诛仙青云志]&#10;[ar&#58;张沫凡]&#10;[al&#58;我想和你唱]&#10;[by&#58;]&#10;[offset&#58;0]&#10;[00&#58;00&#46;23]诛仙青云志&#32;&#45;&#32;张沫凡&#10;[00&#58;01&#46;04]词：张沫凡&#10;[00&#58;01&#46;23]曲：张沫凡&#10;[00&#58;01&#46;75]&#10;[00&#58;33&#46;62]云深雾绕有仙山&#10;[00&#58;38&#46;07]青云门下出少年&#10;[00&#58;42&#46;46]一腔热血来挥洒&#10;[00&#58;46&#46;99]斩妖除恶迎敌忾&#10;[00&#58;50&#46;18]&#10;[00&#58;51&#46;37]不怕天资过驽钝&#10;[00&#58;55&#46;83]走过孤寂与茫然&#10;[01&#58;00&#46;32]人生坎坷多磨难&#10;[01&#58;04&#46;75]即使失败卷土来&#10;[01&#58;09&#46;05]&#10;[01&#58;10&#46;44]驱赶邪魔与黑暗&#10;[01&#58;13&#46;73]拨云见日是晴天&#10;[01&#58;17&#46;05]&#10;[01&#58;18&#46;12]小小立志不更改&#10;[01&#58;22&#46;55]紧扣十指闯未来&#10;[01&#58;26&#46;90]&#10;[01&#58;29&#46;34]千年纠葛万年爱&#10;[01&#58;33&#46;73]一个约定誓万载&#10;[01&#58;37&#46;63]&#10;[01&#58;38&#46;16]情深义重以为尊&#10;[01&#58;42&#46;14]&#10;[01&#58;42&#46;67]心念向善出人才&#10;[01&#58;46&#46;45]&#10;[01&#58;47&#46;06]舍生取义换河山&#10;[01&#58;51&#46;53]沃土千里锦绣绵延&#10;[01&#58;54&#46;80]&#10;[01&#58;55&#46;98]披荆斩棘日月星&#10;[01&#58;59&#46;90]&#10;[02&#58;0', '0', '0', '0', '0');
INSERT INTO `song` VALUES ('107738095', '咋了爸爸', '张沫凡', null, 'http://www.nemoyang.cn/bigphoto/0012Rj8n4UTQ6L.jpg', 'http://www.nemoyang.cn/smallphoto/0012Rj8n4UTQ6L.jpg', 'http://dl.stream.qqmusic.qq.com/107738095.mp3?vkey=4A95A0FCDFDC050E9D543841CA4A28AABD19F1973177DAB50', 'http://www.nemoyang.cn/song/107738095.mp3', '250', '3', '[ti&#58;咋了爸爸]&#10;[ar&#58;张沫凡]&#10;[al&#58;我想和你唱]&#10;[by&#58;]&#10;[offset&#58;0]&#10;[00&#58;01&#46;18]咋了爸爸&#32;&#45;&#32;张沫凡&#10;[00&#58;01&#46;96]词：张沫凡&#10;[00&#58;02&#46;15]曲：张沫凡&#10;[00&#58;02&#46;51]&#10;[00&#58;30&#46;54]想问问你咋了爸爸&#10;[00&#58;34&#46;12]&#10;[00&#58;36&#46;49]不要太担心我好吗&#10;[00&#58;41&#46;64]&#10;[00&#58;45&#46;10]孩子总是会长大&#10;[00&#58;48&#46;89]&#10;[00&#58;51&#46;41]生命会开出灿烂的花&#10;[00&#58;56&#46;86]&#10;[00&#58;59&#46;98]爸爸&#10;[01&#58;00&#46;82]其实你只需要静静等待&#10;[01&#58;05&#46;40]&#10;[01&#58;05&#46;94]看我成长变得繁华&#10;[01&#58;12&#46;48]&#10;[01&#58;16&#46;01]我也会遇见那个他&#10;[01&#58;19&#46;63]有一个或许幸福的家&#10;[01&#58;23&#46;20]这是岁月给予的回答&#10;[01&#58;26&#46;84]但我知道你依然牵挂&#10;[01&#58;30&#46;58]我也会遇见那个他&#10;[01&#58;34&#46;06]有一个或许幸福的家&#10;[01&#58;37&#46;73]不管是晴天还是小雨下&#10;[01&#58;41&#46;67]都会想念着你啊爸爸爸&#10;[01&#58;47&#46;11]&#10;[02&#58;01&#46;50]想问问你咋了爸爸&#10;[02&#58;05&#46;02]&#10;[02&#58;07&#46;40]不要太担心我好吗&#10;[02&#58;12&#46;67]&#10;[02&#58;16&#46;09]孩子总是会长大&#10;[02&#58;19&#46;87]&#1', '0', '0', '0', '0');
INSERT INTO `song` VALUES ('107738401', '从此以后 (《夏有乔木雅望天堂》电影主题曲)', '吴亦凡', null, 'http://www.nemoyang.cn/bigphoto/001BbItx39dgVM.jpg', 'http://www.nemoyang.cn/smallphoto/001BbItx39dgVM.jpg', 'http://dl.stream.qqmusic.qq.com/107738401.mp3?vkey=4A95A0FCDFDC050E9D543841CA4A28AABD19F1973177DAB50', 'http://www.nemoyang.cn/song/107738401.mp3', '256', '3', '[ti&#58;从此以后&#32;&#40;《夏有乔木雅望天堂》电影主题曲&#41;]&#10;[ar&#58;吴亦凡]&#10;[al&#58;从此以后]&#10;[by&#58;]&#10;[offset&#58;0]&#10;[00&#58;02&#46;44]从此以后&#32;&#40;《夏有乔木雅望天堂》电影主题曲&#41;&#32;&#45;&#32;吴亦凡&#10;[00&#58;09&#46;54]词：吴亦凡/宋秉洋&#10;[00&#58;12&#46;53]曲：宋秉洋&#10;[00&#58;14&#46;51]编曲：李偲菘/廖正星&#10;[00&#58;17&#46;53]&#10;[00&#58;23&#46;14]夕阳的背后&#10;[00&#58;25&#46;79]&#10;[00&#58;26&#46;99]月牙悄悄爬上了夜空&#10;[00&#58;30&#46;18]&#10;[00&#58;33&#46;14]回家的归途&#10;[00&#58;35&#46;76]&#10;[00&#58;36&#46;96]有谁在默默等候&#10;[00&#58;40&#46;64]&#10;[00&#58;43&#46;12]想给你快乐&#10;[00&#58;45&#46;71]&#10;[00&#58;47&#46;33]却不懂怎么温柔&#10;[00&#58;50&#46;45]&#10;[00&#58;51&#46;94]只愿陪伴在你的左右&#10;[00&#58;56&#46;86]哪怕一秒也足够&#10;[01&#58;01&#46;27]&#10;[01&#58;01&#46;89]从此以后再也找不到那心动&#10;[01&#58;06&#46;24]&#10;[01&#58;06&#46;78]你已刻骨铭心在我心中&#10;[01&#58;11&#46;32]&#10;[01&#58;11&#46;90]从此以后不再由我陪你走到最后&#10;[01&#58;16&#46;88]松开手我心才会好过&#10;[01&#58;21&#46;05]&#10;[01&#58;38&#46;21]只想你快乐&#10;[01&#58;41&#46;23]&#10;[01&#58;41&#46;87]哪怕不是因为我&#10;[01&#58', '0', '2', '0', '0');
INSERT INTO `song` VALUES ('107739073', 'Your Girl', '曲婉婷', null, 'http://www.nemoyang.cn/bigphoto/0038Ocr510ARm6.jpg', 'http://www.nemoyang.cn/smallphoto/0038Ocr510ARm6.jpg', 'http://dl.stream.qqmusic.qq.com/107739073.mp3?vkey=4A95A0FCDFDC050E9D543841CA4A28AABD19F1973177DAB50', 'http://www.nemoyang.cn/song/107739073.mp3', '221', '3', '[ti&#58;Your&#32;Girl]&#10;[ar&#58;曲婉婷]&#10;[al&#58;Your&#32;Girl]&#10;[by&#58;]&#10;[offset&#58;0]&#10;[00&#58;00&#46;35]Your&#32;Girl&#32;&#45;&#32;曲婉婷&#10;[00&#58;01&#46;06]Written&#32;by：Wanting/Rachael&#32;Dahl/Nathaniel&#32;Evans/Mark&#32;Merthe&#10;[00&#58;01&#46;67]&#10;[00&#58;16&#46;54]Your&#32;name&#32;gives&#32;it&#32;away&#10;[00&#58;19&#46;36]&#10;[00&#58;21&#46;61]You&#39;re&#32;my&#32;sun&#32;and&#32;my&#32;moon&#32;the&#32;bright&#32;light&#32;of&#32;my&#32;every&#32;day&#10;[00&#58;29&#46;08]&#10;[00&#58;30&#46;86]And&#32;I&#32;was&#32;your&#32;girl&#32;still&#32;am&#32;your&#32;girl&#10;[00&#58;36&#46;56]&#10;[00&#58;38&#46;97]Until&#32;the&#32;end&#32;of&#32;time&#10;[00&#58;41&#46;58]I&#32;will&#32;write&#32;this&#32;song&#32;sing&#32;this&#32;song&#32;play&#32;this&#32;song&#32;for&#32;you&#10;[00&#58;46&#46;74]&#10;[00&#58;48&#46;41]Can&#32;you&#32;hear&#32;me&#32;over&#32;there&#10;[00&#58;50&#46;11]&#10;[00&#58;51&#46;91]I&#39;m&#32;dying&#32;over&#32;here&#10;', '0', '0', '0', '0');
INSERT INTO `song` VALUES ('107741995', '808 (Jack Novak Remix) (心电感应808 英文版)', '张靓颖', null, 'http://www.nemoyang.cn/bigphoto/0045vIld4H4u75.jpg', 'http://www.nemoyang.cn/smallphoto/0045vIld4H4u75.jpg', 'http://dl.stream.qqmusic.qq.com/107741995.mp3?vkey=4A95A0FCDFDC050E9D543841CA4A28AABD19F1973177DAB50', 'http://www.nemoyang.cn/song/107741995.mp3', '180', '3', '[ti&#58;808]&#10;[ar&#58;张靓颖]&#10;[al&#58;]&#10;[by&#58;]&#10;[offset&#58;0]&#10;[00&#58;00&#46;10]808&#32;&#40;Jack&#32;Novak&#32;Remix&#41;&#32;&#40;心电感应808&#32;英文版&#41;&#32;&#45;&#32;张靓颖&#10;[00&#58;00&#46;20]词：Jim&#32;Beanz/Candice&#32;Nelson/Jane&#32;Zhang&#10;[00&#58;00&#46;30]曲：Jim&#32;Beanz/Candice&#32;Nelson/Jane&#32;Zhang&#10;[00&#58;00&#46;40]编曲：Jack&#32;Novak&#10;[00&#58;00&#46;50]&#10;[00&#58;02&#46;41]Got&#32;me&#32;in&#32;the&#32;sky&#10;[00&#58;04&#46;41]Up&#32;so&#32;high&#10;[00&#58;06&#46;07]Now&#32;I&#32;feel&#32;like&#32;I&#32;can&#32;walk&#32;on&#32;air&#10;[00&#58;09&#46;95]Make&#32;me&#32;feel&#32;right&#32;every&#32;time&#10;[00&#58;13&#46;47]You&#39;re&#32;the&#32;only&#32;one&#32;that&#32;takes&#32;me&#32;there&#10;[00&#58;17&#46;46]Addicted&#32;to&#32;your&#32;love&#10;[00&#58;19&#46;01]Come&#32;and&#32;give&#32;it&#32;to&#32;me&#32;now&#10;[00&#58;21&#46;00]You&#32;got&#32;me&#32;turning&#32;up&#10;[00&#58;22&#46;68]When&#32;I&#32;should&#32;be&#32;turning&', '0', '0', '0', '0');
INSERT INTO `song` VALUES ('107746188', '情绪挑拨', '任然', null, 'http://www.nemoyang.cn/bigphoto/001lfm533y6OT2.jpg', 'http://www.nemoyang.cn/smallphoto/001lfm533y6OT2.jpg', 'http://dl.stream.qqmusic.qq.com/107746188.mp3?vkey=4A95A0FCDFDC050E9D543841CA4A28AABD19F1973177DAB50', 'http://www.nemoyang.cn/song/107746188.mp3', '221', '3', '[ti&#58;情绪挑拨]&#10;[ar&#58;任然]&#10;[al&#58;情绪挑拨]&#10;[by&#58;]&#10;[offset&#58;0]&#10;[00&#58;00&#46;95]情绪挑拨&#32;&#45;&#32;任然&#10;[00&#58;01&#46;71]词：朱鸽&#10;[00&#58;01&#46;86]曲：朱鸽&#10;[00&#58;02&#46;01]编曲：邱沐阳&#10;[00&#58;02&#46;66]&#10;[00&#58;18&#46;58]谁眼中挤了粒沙时间留下一道疤&#10;[00&#58;25&#46;21]假如回忆直接将过往秘密封杀&#10;[00&#58;31&#46;34]&#10;[00&#58;34&#46;29]感情容不下粒沙防线在心里崩塌&#10;[00&#58;40&#46;19]&#10;[00&#58;41&#46;01]假如谎话直接将美好变得虚假&#10;[00&#58;48&#46;09]&#10;[00&#58;49&#46;80]到如今还犯傻计较什么废话&#10;[00&#58;56&#46;69]该撕破的早已撕下&#10;[01&#58;00&#46;55]装什么豁达&#10;[01&#58;03&#46;43]Oh&#32;情绪挑拨&#10;[01&#58;05&#46;39]&#10;[01&#58;06&#46;22]用歇斯底里的方式无理取闹&#10;[01&#58;10&#46;69]&#10;[01&#58;11&#46;26]爱的人都无关紧要&#10;[01&#58;14&#46;52]&#10;[01&#58;15&#46;19]只要自己感觉就好&#10;[01&#58;18&#46;99]Oh&#32;情绪挑拨&#10;[01&#58;21&#46;19]&#10;[01&#58;21&#46;81]用若无其事的微笑带过那么礼貌&#10;[01&#58;27&#46;13]说多反而计较沉默会不会比较好&#10;[01&#58;33&#46;44]&#10;[01&#58;36&#46;76]感情容不下粒沙防线在心里崩塌&#10;[01&#58;43&#46;34]假如谎话直接将美好变得虚假&#10;[01&#58;51&#46;10]&#10;[01&#5', '0', '0', '0', '0');
INSERT INTO `song` VALUES ('107762068', '芳草地', '陈粒', null, 'http://www.nemoyang.cn/bigphoto/004fAhFe0fdHYF.jpg', 'http://www.nemoyang.cn/smallphoto/004fAhFe0fdHYF.jpg', 'http://dl.stream.qqmusic.qq.com/107762068.mp3?vkey=4A95A0FCDFDC050E9D543841CA4A28AABD19F1973177DAB50', 'http://www.nemoyang.cn/song/107762068.mp3', '237', '3', '[ti&#58;芳草地]&#10;[ar&#58;陈粒]&#10;[al&#58;小梦大半]&#10;[by&#58;]&#10;[offset&#58;0]&#10;[00&#58;00&#46;95]芳草地&#32;&#45;&#32;陈粒&#10;[00&#58;01&#46;66]词：陈南西&#10;[00&#58;01&#46;85]曲：陈粒&#10;[00&#58;01&#46;99]编曲：陈粒/荒井十一/朱家明/宁子达&#10;[00&#58;02&#46;80]&#10;[00&#58;30&#46;37]黯淡墙壁&#32;挂住流星&#10;[00&#58;33&#46;71]陪伴寒夜里敞亮梦境&#10;[00&#58;37&#46;08]空手走进&#32;白日雾气&#10;[00&#58;40&#46;35]笼络这世间平凡睡意&#10;[00&#58;43&#46;76]眼里停泊着万家灯火&#10;[00&#58;47&#46;07]嘴唇艳不过酉时日落&#10;[00&#58;50&#46;34]被时间辜负的不止一个&#10;[00&#58;53&#46;76]徒留我徘徊在原地&#10;[00&#58;56&#46;52]陪那片夜色&#10;[00&#58;58&#46;99]夜色任我沉默&#10;[01&#58;01&#46;86]&#10;[01&#58;02&#46;59]任我思索&#10;[01&#58;05&#46;21]&#10;[01&#58;05&#46;94]任我取舍&#10;[01&#58;08&#46;48]&#10;[01&#58;09&#46;22]而你珍惜的&#10;[01&#58;12&#46;42]都不用分给我&#10;[01&#58;15&#46;80]尚未发生的&#10;[01&#58;18&#46;17]&#10;[01&#58;19&#46;10]都早已转折&#10;[01&#58;21&#46;96]&#10;[01&#58;23&#46;59]等我的脾气&#10;[01&#58;25&#46;20]都成为道理&#10;[01&#58;27&#46;02]谁还计较我几两情谊&#10;[01&#58;30&#46;40]道理空洞&#32;情深意重&#10;[01&#58;33&#46;75]长出我一身无谓形容', '0', '0', '0', '0');
INSERT INTO `song` VALUES ('107762069', '怪不得', '陈粒', null, 'http://www.nemoyang.cn/bigphoto/004fAhFe0fdHYF.jpg', 'http://www.nemoyang.cn/smallphoto/004fAhFe0fdHYF.jpg', 'http://dl.stream.qqmusic.qq.com/107762069.mp3?vkey=4A95A0FCDFDC050E9D543841CA4A28AABD19F1973177DAB50', 'http://www.nemoyang.cn/song/107762069.mp3', '263', '3', '[ti&#58;怪不得]&#10;[ar&#58;陈粒]&#10;[al&#58;小梦大半]&#10;[by&#58;]&#10;[offset&#58;0]&#10;[00&#58;00&#46;31]怪不得&#32;&#45;&#32;陈粒&#10;[00&#58;01&#46;03]词：什欢&#10;[00&#58;01&#46;17]曲：陈粒&#10;[00&#58;01&#46;32]编曲：陈粒/荒井十一/朱家明/宁子达&#10;[00&#58;02&#46;11]&#10;[00&#58;25&#46;79]怪只怪我太自我&#10;[00&#58;28&#46;25]你电话曾一夜紧握&#10;[00&#58;30&#46;64]而我却没拨&#10;[00&#58;33&#46;71]&#10;[00&#58;36&#46;98]怪只怪我太懦弱&#10;[00&#58;39&#46;52]你手里曾开出花朵&#10;[00&#58;41&#46;95]而我不敢折&#10;[00&#58;46&#46;51]&#10;[00&#58;48&#46;00]心里住了一个多小的你&#10;[00&#58;50&#46;99]&#10;[00&#58;52&#46;31]行李才能搬进我心房&#10;[00&#58;56&#46;94]&#10;[00&#58;59&#46;29]躺在你沙发我装模作样&#10;[01&#58;03&#46;49]就像是我的第二故乡&#10;[01&#58;09&#46;92]&#10;[01&#58;10&#46;97]怪只怪我太慢热&#10;[01&#58;13&#46;36]你眼泪曾浇熄烈火&#10;[01&#58;15&#46;87]却没沾湿我&#10;[01&#58;18&#46;89]&#10;[01&#58;22&#46;21]怪只怪我太懒惰&#10;[01&#58;24&#46;63]你曾把我写成诗歌&#10;[01&#58;27&#46;09]而我没读过&#10;[01&#58;32&#46;04]&#10;[01&#58;33&#46;15]脑海住了一个多美的你&#10;[01&#58;37&#46;28]血液才能翻滚成巨浪&#10;[01&#58;42&#46;17]&#10;[01&#58;44&#46;40]我在', '0', '0', '0', '0');
INSERT INTO `song` VALUES ('107762071', '桥豆麻袋', '陈粒', null, 'http://www.nemoyang.cn/bigphoto/004fAhFe0fdHYF.jpg', 'http://www.nemoyang.cn/smallphoto/004fAhFe0fdHYF.jpg', 'http://dl.stream.qqmusic.qq.com/107762071.mp3?vkey=4A95A0FCDFDC050E9D543841CA4A28AABD19F1973177DAB50', 'http://www.nemoyang.cn/song/107762071.mp3', '179', '3', '[ti&#58;桥豆麻袋]&#10;[ar&#58;陈粒]&#10;[al&#58;小梦大半]&#10;[by&#58;]&#10;[offset&#58;0]&#10;[00&#58;00&#46;70]桥豆麻袋&#32;&#45;&#32;陈粒&#10;[00&#58;01&#46;45]词：什欢&#10;[00&#58;01&#46;60]曲：陈粒&#10;[00&#58;01&#46;75]编曲：陈粒/荒井十一/朱家明/宁子达&#10;[00&#58;02&#46;55]&#10;[00&#58;17&#46;21]请再等一下&#10;[00&#58;18&#46;77]还有臭美的飞雪&#10;[00&#58;21&#46;39]还有走失的浩劫&#10;[00&#58;23&#46;76]还有争气的我&#32;哦耶&#10;[00&#58;26&#46;39]请再看一下&#10;[00&#58;27&#46;60]还有诈尸的蚯蚓&#10;[00&#58;29&#46;96]还有突发的爱情&#10;[00&#58;32&#46;49]还有从容的我&#32;嗯哼&#10;[00&#58;35&#46;25]爬呀爬呀苦了自己&#10;[00&#58;39&#46;51]长路漫漫无目的&#10;[00&#58;43&#46;86]一步一步小心翼翼&#10;[00&#58;47&#46;16]&#10;[00&#58;48&#46;11]一不小心爱上你&#10;[00&#58;51&#46;61]&#10;[00&#58;52&#46;14]请再等一下&#10;[00&#58;53&#46;71]还有受伤的世界&#10;[00&#58;56&#46;19]还有弥留的热切&#10;[00&#58;58&#46;69]还有坚挺的我&#32;哦耶&#10;[01&#58;01&#46;28]请再看一下&#10;[01&#58;02&#46;41]还有优雅的苔藓&#10;[01&#58;04&#46;87]还有鲁莽的时间&#10;[01&#58;07&#46;41]还有可爱的我&#32;啊哈&#10;[01&#58;10&#46;07]是啊是啊来之不易&#10;[01&#58;13&#46;84]&#10;[01&#58;14&#46;40]从今往后多珍惜&#10;[01&#', '0', '0', '0', '0');
INSERT INTO `song` VALUES ('107762076', '虚拟', '陈粒', null, 'http://www.nemoyang.cn/bigphoto/004fAhFe0fdHYF.jpg', 'http://www.nemoyang.cn/smallphoto/004fAhFe0fdHYF.jpg', 'http://dl.stream.qqmusic.qq.com/107762076.mp3?vkey=4A95A0FCDFDC050E9D543841CA4A28AABD19F1973177DAB50', 'http://www.nemoyang.cn/song/107762076.mp3', '240', '3', '[ti&#58;虚拟]&#10;[ar&#58;陈粒]&#10;[al&#58;小梦大半]&#10;[by&#58;]&#10;[offset&#58;0]&#10;[00&#58;00&#46;44]虚拟&#32;&#45;&#32;陈粒&#10;[00&#58;00&#46;61]词：陈粒&#10;[00&#58;00&#46;74]曲：陈粒&#10;[00&#58;01&#46;00]编曲：陈粒/荒井十一/朱家明/宁子达&#10;[00&#58;01&#46;10]&#10;[00&#58;15&#46;21]固执押韵的排比&#10;[00&#58;17&#46;98]&#10;[00&#58;18&#46;84]固执幼稚的押韵&#10;[00&#58;21&#46;74]&#10;[00&#58;22&#46;40]零零散散凑齐了阵营&#10;[00&#58;27&#46;25]&#10;[00&#58;29&#46;85]固执美丽的意义&#10;[00&#58;32&#46;83]&#10;[00&#58;33&#46;69]固执空洞的美丽&#10;[00&#58;36&#46;50]&#10;[00&#58;37&#46;23]飘飘然然空中遇见你&#10;[00&#58;43&#46;14]&#10;[00&#58;44&#46;02]你是我未曾拥有无法捕捉的亲昵&#10;[00&#58;47&#46;60]我却有你的吻你的魂你的心&#10;[00&#58;51&#46;41]载着我飞呀飞呀飞&#32;越过了意义&#10;[00&#58;56&#46;34]&#10;[00&#58;58&#46;69]你是我朝夕相伴触手可及的虚拟&#10;[01&#58;02&#46;36]陪着我像纸笔像自己像雨滴&#10;[01&#58;06&#46;04]看着我坠啊坠啊坠落到云里&#10;[01&#58;12&#46;52]&#10;[01&#58;21&#46;62]固执有趣的零星&#10;[01&#58;24&#46;41]&#10;[01&#58;25&#46;19]固执无聊的有趣&#10;[01&#58;28&#46;16]&#10;[01&#58;28&#46;87]平平淡淡管住了情绪&#10;[01&#58;33&#46;93]&#10;[01&#58;', '0', '0', '0', '0');
INSERT INTO `song` VALUES ('107763262', 'Mad Man Killer (《校花的贴身高手2》网剧主题曲)', '吉克隽逸', null, 'http://www.nemoyang.cn/bigphoto/00132TL70Naoi2.jpg', 'http://www.nemoyang.cn/smallphoto/00132TL70Naoi2.jpg', 'http://dl.stream.qqmusic.qq.com/107763262.mp3?vkey=4A95A0FCDFDC050E9D543841CA4A28AABD19F1973177DAB50', 'http://www.nemoyang.cn/song/107763262.mp3', '195', '3', '[ti&#58;Mad&#32;Man&#32;Killer&#32;&#40;《校花的贴身高手2》网剧主题曲&#41;]&#10;[ar&#58;吉克隽逸]&#10;[al&#58;Mad&#32;Man&#32;Killer]&#10;[by&#58;]&#10;[offset&#58;0]&#10;[00&#58;00&#46;69]Mad&#32;Man&#32;Killer&#32;&#40;《校花的贴身高手2》网剧主题曲&#41;&#32;&#45;&#32;吉克隽逸&#10;[00&#58;05&#46;37]词：代岳东&#10;[00&#58;06&#46;33]曲：Mr&#46;&#32;Fantastic&#32;（神奇先生）&#10;[00&#58;08&#46;54]&#10;[00&#58;10&#46;80]有种不速之客&#10;[00&#58;11&#46;82]需要你给我记住&#10;[00&#58;13&#46;37]轻描淡写的眼神&#10;[00&#58;14&#46;67]就穿透你的身体&#10;[00&#58;16&#46;05]You&#32;don&#39;t&#32;know&#32;what&#32;to&#32;do&#10;[00&#58;17&#46;58]You&#32;don&#39;t&#32;know&#32;what&#32;to&#32;do&#10;[00&#58;18&#46;85]答案只有粉身碎骨&#10;[00&#58;20&#46;22]没有其他退路&#10;[00&#58;21&#46;55]Oh&#32;ey&#32;oh&#32;像烈焰吞噬一切&#10;[00&#58;24&#46;37]Oh&#32;ey&#32;oh&#32;瞬间把你毁灭&#10;[00&#58;26&#46;96]Oh&#32;ey&#32;oh&#32;你理智都沦陷&#10;[00&#58;29&#46;33]我表示抱歉&#10;[00&#58;31&#46;97]Baby表面是假象&#10;[00&#58;33&#46;79]&#10;[00&#58;34&#46;50]撕掉包装却很危险&#10;[00&#58;37&#46;33]贴上诱惑的标签&#10;[00&#58;39&#46;30]&#10;[00&', '0', '0', '0', '0');
INSERT INTO `song` VALUES ('107770314', '爱之光 (《旋风少女 第二季》电视剧插曲)', '本兮', null, 'http://www.nemoyang.cn/bigphoto/000CsLw70X5n7z.jpg', 'http://www.nemoyang.cn/smallphoto/000CsLw70X5n7z.jpg', 'http://dl.stream.qqmusic.qq.com/107770314.mp3?vkey=4A95A0FCDFDC050E9D543841CA4A28AABD19F1973177DAB50', 'http://www.nemoyang.cn/song/107770314.mp3', '213', '3', '[ti&#58;爱之光&#32;&#40;《旋风少女第二季》电视剧插曲&#41;]&#10;[ar&#58;本兮]&#10;[al&#58;&#32;&#32;&#32;]&#10;[by&#58;]&#10;[offset&#58;0]&#10;[00&#58;00&#46;10]爱之光&#32;&#40;《旋风少女&#32;第二季》电视剧插曲&#41;&#32;&#45;&#32;本兮&#10;[00&#58;00&#46;20]&#10;[00&#58;01&#46;47]词：肖光伟&#10;[00&#58;01&#46;65]曲：肖光伟&#10;[00&#58;03&#46;00]编曲：孙沛&#10;[00&#58;03&#46;10]&#10;[00&#58;32&#46;62]青春期如花一般开放&#10;[00&#58;35&#46;59]&#10;[00&#58;40&#46;11]青春期像诗一样美好&#10;[00&#58;43&#46;81]&#10;[00&#58;46&#46;64]也许成长就应该是这样&#10;[00&#58;49&#46;55]&#10;[00&#58;50&#46;18]哭过笑过那又能怎样&#10;[00&#58;53&#46;17]&#10;[00&#58;54&#46;13]大雨过后又见阳光&#10;[01&#58;00&#46;15]&#10;[01&#58;02&#46;03]耀眼的光&#10;[01&#58;03&#46;86]&#10;[01&#58;05&#46;93]为我们的青春插上翅膀&#10;[01&#58;08&#46;97]&#10;[01&#58;09&#46;55]爱的力量&#10;[01&#58;10&#46;47]&#10;[01&#58;13&#46;33]与风狂舞我不怕受伤&#10;[01&#58;17&#46;47]地平线升起不落的太阳&#10;[01&#58;20&#46;61]&#10;[01&#58;21&#46;35]我们的影子无限的延长&#10;[01&#58;24&#46;51]&#10;[01&#58;25&#46;34]青春飞向有梦的地方&#10;[01&#58;30&#46;08]&#10;[01&#58;46&#46;04]换一种表情换另一个自己&#10;[01&#', '0', '0', '0', '0');
INSERT INTO `song` VALUES ('107771414', '感觉身体被掏空', '上海彩虹室内合唱团', null, 'http://www.nemoyang.cn/bigphoto/003MPHV50sHDAk.jpg', 'http://www.nemoyang.cn/smallphoto/003MPHV50sHDAk.jpg', 'http://dl.stream.qqmusic.qq.com/107771414.mp3?vkey=4A95A0FCDFDC050E9D543841CA4A28AABD19F1973177DAB50', 'http://www.nemoyang.cn/song/107771414.mp3', '324', '3', '[ti&#58;感觉身体被掏空]&#10;[ar&#58;上海彩虹室内合唱团]&#10;[al&#58;感觉身体被掏空]&#10;[by&#58;]&#10;[offset&#58;0]&#10;[00&#58;00&#46;29]感觉身体被掏空&#32;&#45;&#32;上海彩虹室内合唱团&#10;[00&#58;02&#46;97]词：金承志&#10;[00&#58;03&#46;90]曲：金承志&#10;[00&#58;05&#46;36]&#10;[00&#58;19&#46;17]夜幕已笼罩朝阳公园&#10;[00&#58;23&#46;72]&#10;[00&#58;26&#46;57]广场舞丹瑟已经准备完毕&#10;[00&#58;32&#46;00]&#10;[00&#58;34&#46;33]我看着窗外的树影&#10;[00&#58;39&#46;25]&#10;[00&#58;40&#46;81]难道这就是我的青春&#10;[00&#58;46&#46;07]&#10;[00&#58;46&#46;66]当花瓣离开花朵&#10;[00&#58;50&#46;14]有一个老板叫做&#32;大卫&#10;[00&#58;53&#46;83]&#10;[00&#58;55&#46;36]叫做&#32;大卫&#10;[00&#58;56&#46;93]&#10;[00&#58;57&#46;58]下午六点出现眼神恰似黑背&#10;[01&#58;02&#46;48]汪汪&#10;[01&#58;03&#46;08]恰似黑背&#10;[01&#58;04&#46;60]&#10;[01&#58;05&#46;22]手里端着一壶热腾腾的&#32;咖啡&#10;[01&#58;10&#46;81]&#10;[01&#58;11&#46;55]嘿嘿嘿&#10;[01&#58;12&#46;56]&#10;[01&#58;13&#46;78]我们要不要来开个会&#10;[01&#58;17&#46;11]&#10;[01&#58;19&#46;42]我说这样不好吧&#10;[01&#58;21&#46;10]&#10;[01&#58;21&#46;97]我要去机场接我年迈滴爸爸&#10;[01&#58;25&#46;12]年迈滴爸爸&#10;[01&#58;25', '0', '0', '0', '0');
INSERT INTO `song` VALUES ('107786926', '我爱夏天 (《在世界中心呼唤爱》电影插曲)', '欧豪', null, 'http://www.nemoyang.cn/bigphoto/000Bt9Ic4Lr2WC.jpg', 'http://www.nemoyang.cn/smallphoto/000Bt9Ic4Lr2WC.jpg', 'http://dl.stream.qqmusic.qq.com/107786926.mp3?vkey=4A95A0FCDFDC050E9D543841CA4A28AABD19F1973177DAB50', 'http://www.nemoyang.cn/song/107786926.mp3', '189', '3', '[ti&#58;我爱夏天&#32;&#40;《在世界中心呼唤爱》电影插曲&#41;]&#10;[ar&#58;欧豪/好妹妹乐队]&#10;[al&#58;我爱夏天]&#10;[by&#58;]&#10;[offset&#58;0]&#10;[00&#58;00&#46;11]我爱夏天&#32;&#40;《在世界中心呼唤爱》电影插曲&#41;&#32;&#45;&#32;欧豪/好妹妹乐队&#10;[00&#58;06&#46;52]词：张国玺&#10;[00&#58;07&#46;63]曲：张国玺&#10;[00&#58;10&#46;82]&#10;[00&#58;13&#46;00]改编：崔恕&#10;[00&#58;13&#46;10]&#10;[00&#58;14&#46;94]好：&#10;[00&#58;15&#46;91]Woo&#32;我爱夏天&#10;[00&#58;21&#46;55]&#10;[00&#58;22&#46;86]有漂亮美眉&#10;[00&#58;29&#46;23]Woo&#32;我爱夏天&#10;[00&#58;35&#46;51]&#10;[00&#58;36&#46;40]因为她们穿得养眼&#10;[00&#58;42&#46;44]&#10;[00&#58;43&#46;76]每到夏天我要去海边&#10;[00&#58;48&#46;62]&#10;[00&#58;50&#46;35]海边有漂亮的好妹妹&#10;[00&#58;55&#46;50]&#10;[00&#58;57&#46;23]娇羞的脸比海鲜更新鲜&#10;[01&#58;03&#46;49]&#10;[01&#58;04&#46;39]空气里有咸咸的气味&#10;[01&#58;09&#46;37]&#10;[01&#58;10&#46;09]欧Rap：&#10;[01&#58;11&#46;37]一起走&#32;一起笑&#32;一起在海边玩闹&#10;[01&#58;15&#46;16]我们在世界中心&#32;蜻蜓在身边围绕&#10;[01&#58;18&#46;60]有些事情我现在也不是很笃定&#10;[01&#58;21&#46;94]可是我的心&#32;想知道究竟&#10;[01&#58;24&#46;82]&#10;[01&#58;25&#46', '0', '0', '0', '0');
INSERT INTO `song` VALUES ('107793305', '花 (《陆垚知马俐》电影主题曲)', '宋佳', null, 'http://www.nemoyang.cn/bigphoto/004UvSX21Ygaw7.jpg', 'http://www.nemoyang.cn/smallphoto/004UvSX21Ygaw7.jpg', 'http://dl.stream.qqmusic.qq.com/107793305.mp3?vkey=4A95A0FCDFDC050E9D543841CA4A28AABD19F1973177DAB50', 'http://www.nemoyang.cn/song/107793305.mp3', '328', '3', '[ti&#58;花&#32;&#40;《陆垚知马俐》电影主题曲&#41;]&#10;[ar&#58;宋佳]&#10;[al&#58;花]&#10;[by&#58;]&#10;[offset&#58;0]&#10;[00&#58;00&#46;92]花&#32;&#40;《陆垚知马俐》电影主题曲&#41;&#32;&#45;&#32;宋佳&#10;[00&#58;04&#46;08]词：火星电台&#10;[00&#58;05&#46;26]曲：火星电台&#10;[00&#58;06&#46;25]&#10;[00&#58;42&#46;70]嗨&#32;女孩&#10;[00&#58;44&#46;51]&#10;[00&#58;45&#46;51]你别哭了&#10;[00&#58;46&#46;66]&#10;[00&#58;50&#46;22]他要走你就让他走吧&#10;[00&#58;52&#46;80]那只愚蠢的乌鸦&#10;[00&#58;55&#46;03]&#10;[00&#58;56&#46;86]嗨&#32;女孩&#10;[00&#58;58&#46;53]&#10;[00&#58;59&#46;55]你别傻了&#10;[01&#58;00&#46;72]&#10;[01&#58;04&#46;24]两千九百二十一天半&#10;[01&#58;06&#46;41]&#10;[01&#58;07&#46;13]该放的还是要放下&#10;[01&#58;09&#46;54]&#10;[01&#58;10&#46;04]一种叫做幼稚的我们的固执的潇洒&#10;[01&#58;16&#46;11]&#10;[01&#58;17&#46;90]给我们的一场梦&#32;你做得过瘾吗&#10;[01&#58;23&#46;19]&#10;[01&#58;23&#46;69]我要的不是你爱我&#10;[01&#58;26&#46;74]&#10;[01&#58;28&#46;24]更不是你恨我&#10;[01&#58;30&#46;25]&#10;[01&#58;31&#46;23]都他妈的太麻烦&#10;[01&#58;33&#46;00]&#10;[01&#58;37&#46;70]我要的只是简单的&#10;[01&#58;40&#46;85]&#10;[01&#', '0', '0', '0', '0');
INSERT INTO `song` VALUES ('107802849', '无问 (《盗墓笔记》电影主题曲)', '谭维维', null, 'http://www.nemoyang.cn/bigphoto/004R4Dwj2JYvOI.jpg', 'http://www.nemoyang.cn/smallphoto/004R4Dwj2JYvOI.jpg', 'http://dl.stream.qqmusic.qq.com/107802849.mp3?vkey=4A95A0FCDFDC050E9D543841CA4A28AABD19F1973177DAB50', 'http://www.nemoyang.cn/song/107802849.mp3', '199', '3', '[ti&#58;无问&#32;&#40;《盗墓笔记》电影主题曲&#41;]&#10;[ar&#58;谭维维]&#10;[al&#58;无问]&#10;[by&#58;]&#10;[offset&#58;0]&#10;[00&#58;00&#46;45]无问&#32;&#40;《盗墓笔记》电影主题曲&#41;&#32;&#45;&#32;谭维维&#10;[00&#58;01&#46;08]词：尹约&#10;[00&#58;01&#46;21]曲：Julian&#32;Emery/谭维维/刘迦宁&#10;[00&#58;01&#46;84]&#10;[00&#58;20&#46;32]天地洪荒&#32;举目无光&#10;[00&#58;24&#46;51]&#10;[00&#58;25&#46;19]风来雪又往&#32;此消彼长&#10;[00&#58;30&#46;06]&#10;[00&#58;31&#46;36]兵荒马乱&#32;星落云散&#10;[00&#58;37&#46;53]&#10;[00&#58;38&#46;05]当断不断&#32;情迷意乱&#10;[00&#58;44&#46;04]&#10;[00&#58;44&#46;71]正是末法时代&#32;听礼崩乐坏&#10;[00&#58;51&#46;37]&#10;[00&#58;51&#46;90]谁能置身事外&#10;[00&#58;54&#46;57]&#10;[00&#58;57&#46;10]再无人呐喊&#32;再无人感叹&#10;[01&#58;03&#46;59]&#10;[01&#58;04&#46;21]拔剑四顾心茫然&#10;[01&#58;08&#46;50]&#10;[01&#58;15&#46;60]夸父逐日&#32;后羿射日&#10;[01&#58;19&#46;84]&#10;[01&#58;20&#46;55]不问起始&#32;不知廉耻&#10;[01&#58;25&#46;72]&#10;[01&#58;26&#46;66]海誓山盟&#32;黄粱一梦&#10;[01&#58;33&#46;28]翩翩惊鸿&#32;转眼成空&#10;[01&#58;40&#46;10]正是末法时代&#32;听礼崩乐坏&#10;[01&#58;46&#46;04]&#10;[01&#58', '0', '0', '0', '0');
INSERT INTO `song` VALUES ('107833919', '给我个忘记你的理由', '金南玲', null, 'http://www.nemoyang.cn/bigphoto/001MUO3O1m4cn8.jpg', 'http://www.nemoyang.cn/smallphoto/001MUO3O1m4cn8.jpg', 'http://dl.stream.qqmusic.qq.com/107833919.mp3?vkey=4A95A0FCDFDC050E9D543841CA4A28AABD19F1973177DAB50', 'http://www.nemoyang.cn/song/107833919.mp3', '224', '3', '[ti&#58;给我个忘记你的理由]&#10;[ar&#58;金南玲]&#10;[al&#58;2016爱唱歌的女孩金南玲]&#10;[by&#58;]&#10;[offset&#58;0]&#10;[00&#58;00&#46;81]给我个忘记你的理由&#32;&#45;&#32;金南玲&#10;[00&#58;03&#46;11]词：廖伟志&#10;[00&#58;03&#46;94]曲：廖伟志&#10;[00&#58;04&#46;79]&#10;[00&#58;16&#46;55]天色刚微微亮&#10;[00&#58;19&#46;45]&#10;[00&#58;20&#46;26]又感觉空荡荡&#10;[00&#58;22&#46;78]&#10;[00&#58;23&#46;82]昨夜的宿醉酒略忧伤&#10;[00&#58;27&#46;51]喝的我脑门发烫&#10;[00&#58;30&#46;14]&#10;[00&#58;31&#46;03]像迷路的船&#10;[00&#58;34&#46;77]匆忙忙摇晃晃&#10;[00&#58;37&#46;80]&#10;[00&#58;38&#46;49]你想要去的远方&#10;[00&#58;42&#46;03]在哪都是流浪&#10;[00&#58;45&#46;04]&#10;[00&#58;45&#46;66]晨风还微微凉&#10;[00&#58;48&#46;22]&#10;[00&#58;49&#46;30]懒得加件衣裳&#10;[00&#58;51&#46;83]&#10;[00&#58;52&#46;89]一个人静静地靠着窗&#10;[00&#58;56&#46;51]思绪是凌乱的网&#10;[00&#58;59&#46;01]&#10;[01&#58;00&#46;16]像落水的鱼&#10;[01&#58;03&#46;06]&#10;[01&#58;03&#46;77]忘记了活在水里&#10;[01&#58;06&#46;78]&#10;[01&#58;07&#46;47]漫不经心从不恐慌&#10;[01&#58;10&#46;61]&#10;[01&#58;11&#46;13]其实全是伪装&#10;[01&#58;14&#46;10]&#10;[01&#58;14&#46;76]给我个', '0', '0', '0', '0');
INSERT INTO `song` VALUES ('107850695', '如果可以 (《旋风少女 第二季》电视剧插曲)', '胡夏', null, 'http://www.nemoyang.cn/bigphoto/000CsLw70X5n7z.jpg', 'http://www.nemoyang.cn/smallphoto/000CsLw70X5n7z.jpg', 'http://dl.stream.qqmusic.qq.com/107850695.mp3?vkey=4A95A0FCDFDC050E9D543841CA4A28AABD19F1973177DAB50', 'http://www.nemoyang.cn/song/107850695.mp3', '227', '3', '[ti&#58;如果可以&#32;&#40;《旋风少女&#32;第2季》电视剧插曲&#41;]&#10;[ar&#58;胡夏]&#10;[al&#58;旋风少女&#32;第2季&#32;电视原声带]&#10;[by&#58;]&#10;[offset&#58;0]&#10;[00&#58;00&#46;23]如果可以&#32;&#40;《旋风少女&#32;第二季》电视剧插曲&#41;&#32;&#45;&#32;胡夏&#10;[00&#58;01&#46;21]词：徐云霄&#10;[00&#58;01&#46;89]曲：徐云霄&#10;[00&#58;02&#46;80]编曲：薛琳可&#10;[00&#58;03&#46;89]&#10;[00&#58;24&#46;11]你&#32;在耳边&#32;悄悄&#10;[00&#58;29&#46;21]&#10;[00&#58;29&#46;72]烙下一句话&#10;[00&#58;31&#46;31]&#10;[00&#58;32&#46;10]永远不忘&#32;品尝&#32;收藏&#10;[00&#58;37&#46;44]&#10;[00&#58;39&#46;12]你&#32;在梦里&#32;轻轻&#10;[00&#58;44&#46;14]&#10;[00&#58;44&#46;84]那样的温柔&#10;[00&#58;47&#46;10]留下彷徨&#32;无法&#32;自拔&#10;[00&#58;52&#46;92]&#10;[00&#58;54&#46;16]如果可以去到你&#10;[00&#58;56&#46;76]去的地方&#10;[00&#58;58&#46;63]是不是一切的愿望&#10;[01&#58;02&#46;22]都可以渺小到看不到&#10;[01&#58;09&#46;07]如果可以看到你&#10;[01&#58;11&#46;55]看过的季节&#10;[01&#58;13&#46;60]是不是所有的梦想&#10;[01&#58;17&#46;15]都可以跟随节气而变幻&#10;[01&#58;22&#46;71]&#10;[01&#58;52&#46;26]你&#32;在跳动&#32;慢慢&#10;[01&#58;57&#46;30]&#10;[01&#58;57&#46;86]装', '0', '0', '0', '0');
INSERT INTO `song` VALUES ('107870727', '青云志', '吉吉', null, 'http://www.nemoyang.cn/bigphoto/001IF9550LvXDV.jpg', 'http://www.nemoyang.cn/smallphoto/001IF9550LvXDV.jpg', 'http://dl.stream.qqmusic.qq.com/107870727.mp3?vkey=4A95A0FCDFDC050E9D543841CA4A28AABD19F1973177DAB50', 'http://www.nemoyang.cn/song/107870727.mp3', '241', '3', '[ti&#58;青云志]&#10;[ar&#58;吉吉]&#10;[al&#58;青云志]&#10;[by&#58;]&#10;[offset&#58;0]&#10;[00&#58;00&#46;00]青云志&#32;&#45;&#32;吉吉&#10;[00&#58;01&#46;15]词：吉吉&#10;[00&#58;01&#46;87]曲：吉吉&#10;[00&#58;02&#46;62]编曲：陈冠锋&#10;[00&#58;06&#46;77]&#10;[00&#58;28&#46;60]凡人泪&#32;万物情&#10;[00&#58;34&#46;94]&#10;[00&#58;35&#46;69]人影渐瘦鬓如雪&#10;[00&#58;41&#46;66]&#10;[00&#58;43&#46;23]一生难忘深情苦&#10;[00&#58;49&#46;32]痴情却被无情伤&#10;[00&#58;55&#46;97]转眼&#32;风吹花飘零&#10;[01&#58;00&#46;69]转身&#32;天涯各一方&#10;[01&#58;06&#46;68]&#10;[01&#58;07&#46;47]转念&#32;善恶难分辨&#10;[01&#58;12&#46;63]转瞬间&#32;谁能看得穿&#10;[01&#58;19&#46;60]&#10;[01&#58;42&#46;27]百花散落云相惜&#10;[01&#58;47&#46;94]&#10;[01&#58;49&#46;19]两情相悦两相依&#10;[01&#58;55&#46;21]&#10;[01&#58;56&#46;32]只为情故死不悔&#10;[02&#58;02&#46;52]青云之上泪满裳&#10;[02&#58;08&#46;64]&#10;[02&#58;09&#46;17]转眼&#32;风吹花飘零&#10;[02&#58;14&#46;18]转身&#32;天涯各一方&#10;[02&#58;20&#46;09]&#10;[02&#58;20&#46;78]转念&#32;善恶难分辨&#10;[02&#58;25&#46;95]转瞬间&#32;谁能看得穿&#10;[02&#58;31&#46;92]&#10;[02&#58;32&#46;65]问世间&#32;情之所起&#10;', '0', '3', '0', '0');
INSERT INTO `song` VALUES ('107885192', '我们战斗吧 (《我们战斗吧》节目主题曲)', '井柏然', null, 'http://www.nemoyang.cn/bigphoto/004FYj2s1fzpvw.jpg', 'http://www.nemoyang.cn/smallphoto/004FYj2s1fzpvw.jpg', 'http://dl.stream.qqmusic.qq.com/107885192.mp3?vkey=4A95A0FCDFDC050E9D543841CA4A28AABD19F1973177DAB50', 'http://www.nemoyang.cn/song/107885192.mp3', '222', '3', '[ti&#58;我们战斗吧&#32;&#40;《我们战斗吧》节目主题曲&#41;]&#10;[ar&#58;井柏然/杨烁/白敬亭]&#10;[al&#58;我们战斗吧]&#10;[by&#58;]&#10;[offset&#58;0]&#10;[00&#58;00&#46;35]我们战斗吧&#32;&#40;《我们战斗吧》节目主题曲&#41;&#32;&#45;&#32;井柏然/杨烁/白敬亭&#10;[00&#58;01&#46;33]词：阿怪&#10;[00&#58;01&#46;47]曲：阿怪&#10;[00&#58;01&#46;61]编曲：葛子毅&#10;[00&#58;02&#46;04]&#10;[00&#58;26&#46;07]呼唤英雄&#32;出现的声音&#10;[00&#58;29&#46;72]&#10;[00&#58;31&#46;01]等待英雄&#32;创造的奇迹&#10;[00&#58;34&#46;83]而我&#10;[00&#58;35&#46;91]&#10;[00&#58;38&#46;94]我静静聆听&#10;[00&#58;41&#46;72]&#10;[00&#58;46&#46;11]现在是我&#32;出现的时机&#10;[00&#58;49&#46;92]&#10;[00&#58;51&#46;17]等待着我&#32;终于的降临&#32;而我&#10;[00&#58;55&#46;95]&#10;[00&#58;59&#46;16]一直在这里&#10;[01&#58;02&#46;64]&#10;[01&#58;06&#46;49]北风里有&#32;下雨的气息&#10;[01&#58;13&#46;40]&#10;[01&#58;16&#46;45]血液里有&#32;打雷的声音&#10;[01&#58;25&#46;29]我们&#32;战斗吧&#32;谁上&#32;都一样&#10;[01&#58;29&#46;81]&#10;[01&#58;30&#46;41]困难&#32;我不怕&#10;[01&#58;32&#46;69]觉得害怕的人只能害怕&#10;[01&#58;36&#46;05]战斗吧&#32;只要&#32;咬紧牙&#10;[01&#58;40&#46;00]&#10;[01&#58;40&#46;50]继续', '0', '0', '0', '0');
INSERT INTO `song` VALUES ('107898409', '有你的远方', '金贵晟', null, 'http://www.nemoyang.cn/bigphoto/003wp8qb01wziu.jpg', 'http://www.nemoyang.cn/smallphoto/003wp8qb01wziu.jpg', 'http://dl.stream.qqmusic.qq.com/107898409.mp3?vkey=4A95A0FCDFDC050E9D543841CA4A28AABD19F1973177DAB50', 'http://www.nemoyang.cn/song/107898409.mp3', '226', '3', '[ti&#58;有你的远方]&#10;[ar&#58;金贵晟/Nathalie&#32;Saba]&#10;[al&#58;有你的远方]&#10;[by&#58;]&#10;[offset&#58;0]&#10;[00&#58;00&#46;16]有你的远方&#32;&#45;&#32;金贵晟/Nathalie&#32;Saba&#10;[00&#58;01&#46;56]词：Nathalie&#32;Saba/Jeff&#10;[00&#58;02&#46;44]曲：金贵晟&#10;[00&#58;03&#46;54]编曲：金音来&#10;[00&#58;04&#46;99]&#10;[00&#58;10&#46;79]女：&#10;[00&#58;11&#46;55]&#10;[00&#58;13&#46;90]When&#32;I&#39;m&#32;feeling&#32;down&#10;[00&#58;15&#46;17]&#10;[00&#58;15&#46;87]You&#39;re&#32;the&#32;one&#32;I&#32;want&#10;[00&#58;17&#46;10]&#10;[00&#58;17&#46;82]And&#32;when&#32;I&#39;m&#32;feeling&#32;sad&#10;[00&#58;20&#46;03]You&#39;re&#32;the&#32;one&#32;I&#32;need&#10;[00&#58;21&#46;31]&#10;[00&#58;22&#46;09]No&#32;one&#32;can&#32;understand&#10;[00&#58;23&#46;66]&#10;[00&#58;24&#46;39]How&#32;precious&#32;it&#32;is&#32;what&#32;we&#32;have&#10;[00&#58;27&#46;48]&#10;[00&#58;28&#46;69]男：&#10;[00&#58;29&#46;29]&#10;[00&#58;30&#46;98]谢谢有你陪我度过那些时光&#10;[00&#58;34&#46;23]&#10;[00&#58;35&#46;37]我的快乐悲伤幸运有人分享&#10;[00&#58;38', '0', '0', '0', '0');
INSERT INTO `song` VALUES ('107899196', '时光诛仙 (《时光诛仙》电影主题曲)', '王子文', null, 'http://www.nemoyang.cn/bigphoto/002ivBRt2dTFhh.jpg', 'http://www.nemoyang.cn/smallphoto/002ivBRt2dTFhh.jpg', 'http://dl.stream.qqmusic.qq.com/107899196.mp3?vkey=4A95A0FCDFDC050E9D543841CA4A28AABD19F1973177DAB50', 'http://www.nemoyang.cn/song/107899196.mp3', '238', '4', '[ti&#58;时光诛仙&#32;&#40;《时光诛仙》电影主题曲&#41;]&#10;[ar&#58;王子文/任贤齐]&#10;[al&#58;时光诛仙]&#10;[by&#58;]&#10;[offset&#58;0]&#10;[00&#58;00&#46;48]时光诛仙&#32;&#40;《时光诛仙》电影主题曲&#41;&#32;&#45;&#32;王子文/任贤齐&#10;[00&#58;01&#46;39]词：潇彬&#10;[00&#58;02&#46;08]曲：覃桢&#10;[00&#58;02&#46;23]编曲：余雷&#10;[00&#58;02&#46;91]&#10;[00&#58;21&#46;21]女：&#10;[00&#58;21&#46;83]你还记得吗&#32;第一次遇上&#10;[00&#58;26&#46;20]你的一句你好让我念念不忘&#10;[00&#58;30&#46;93]从此一想起你就慌张&#10;[00&#58;34&#46;57]&#10;[00&#58;35&#46;07]确定你已被我爱上&#10;[00&#58;39&#46;62]&#10;[00&#58;40&#46;58]男：&#10;[00&#58;41&#46;05]我还记得啊&#32;很深的印象&#10;[00&#58;45&#46;41]你让我懂的什么叫过目不忘&#10;[00&#58;50&#46;23]关于你的每一段时光&#10;[00&#58;54&#46;23]我都在&#32;记忆里珍藏&#10;[00&#58;58&#46;06]合：&#10;[00&#58;58&#46;52]我多想时光都可以典当&#10;[01&#58;02&#46;47]&#10;[01&#58;03&#46;02]重逢的我们能别来无恙&#10;[01&#58;07&#46;27]&#10;[01&#58;07&#46;92]那些青春不会打烊&#10;[01&#58;12&#46;51]&#10;[01&#58;13&#46;25]我回来&#32;带你赎回过往&#10;[01&#58;17&#46;43]我喜欢现在有你的时光&#10;[01&#58;22&#46;15]熟悉的心跳和当初一样&#10;[01&#58;26&#46;46]&#10;[01&#58;26&#46', '0', '0', '0', '0');
INSERT INTO `song` VALUES ('107899426', '是你', 'TFBOYS', null, 'http://www.nemoyang.cn/bigphoto/000JN9VH0F2Lfk.jpg', 'http://www.nemoyang.cn/smallphoto/000JN9VH0F2Lfk.jpg', 'http://dl.stream.qqmusic.qq.com/107899426.mp3?vkey=4A95A0FCDFDC050E9D543841CA4A28AABD19F1973177DAB50', 'http://www.nemoyang.cn/song/107899426.mp3', '231', '4', '[ti&#58;是你]&#10;[ar&#58;TFBOYS]&#10;[al&#58;是你]&#10;[by&#58;]&#10;[offset&#58;0]&#10;[00&#58;00&#46;46]是你&#32;&#45;&#32;TFBOYS&#10;[00&#58;01&#46;04]词：蓝小邪&#10;[00&#58;01&#46;81]曲：Urban&#32;Cla6ix（Jung&#32;yeonhun,&#32;Park&#32;Junsu）&#10;[00&#58;03&#46;29]编曲：Urban&#32;Cla6ix（Jung&#32;yeonhun,&#32;Park&#32;Junsu）&#10;[00&#58;05&#46;20]凯：&#10;[00&#58;05&#46;66]一直相信着&#10;[00&#58;06&#46;40]&#10;[00&#58;08&#46;10]在世界某个角落&#10;[00&#58;09&#46;07]&#10;[00&#58;10&#46;09]会有专属于我的&#32;小小宇宙&#10;[00&#58;12&#46;41]&#10;[00&#58;13&#46;21]合：&#10;[00&#58;13&#46;48]是你&#32;是你&#32;一定&#32;是你&#10;[00&#58;16&#46;22]是你&#32;是你&#32;真的&#32;是你&#10;[00&#58;19&#46;32]是你&#32;是你&#32;如果&#32;是你&#10;[00&#58;22&#46;41]让我&#32;看到&#32;让我&#32;遇到你&#10;[00&#58;25&#46;65]&#10;[00&#58;26&#46;16]玺：&#10;[00&#58;26&#46;62]像只会自转的小星球&#10;[00&#58;28&#46;95]&#10;[00&#58;29&#46;77]有时快有时慢慢地漂流&#32;漂流&#10;[00&#58;34&#46;13]&#10;[00&#58;34&#46;82]以为孤独是唯一擅长的节奏&#10;[00&#58;38&#46;82]源：&#10;[00&#58;39&#46;12]一个人在银河里游玩过&#10;[00&#58;41&#46;91]&#10', '0', '0', '0', '0');
INSERT INTO `song` VALUES ('107899561', '当我寂寞的时候', '程璧', null, 'http://www.nemoyang.cn/bigphoto/004NrCPd0PUkzQ.jpg', 'http://www.nemoyang.cn/smallphoto/004NrCPd0PUkzQ.jpg', 'http://dl.stream.qqmusic.qq.com/107899561.mp3?vkey=4A95A0FCDFDC050E9D543841CA4A28AABD19F1973177DAB50', 'http://www.nemoyang.cn/song/107899561.mp3', '255', '4', '[ti&#58;当我寂寞的时候]&#10;[ar&#58;程璧]&#10;[al&#58;早生的铃虫]&#10;[by&#58;]&#10;[offset&#58;0]&#10;[00&#58;00&#46;21]当我寂寞的时候&#32;&#45;&#32;程璧&#10;[00&#58;00&#46;54]词：金子美铃&#10;[00&#58;00&#46;74]曲：程璧&#10;[00&#58;01&#46;50]编曲：李星宇&#10;[00&#58;02&#46;50]&#10;[00&#58;28&#46;58]当我寂寞的时候&#10;[00&#58;33&#46;00]&#10;[00&#58;35&#46;60]其他人并不知道&#10;[00&#58;39&#46;66]&#10;[00&#58;42&#46;71]当我寂寞的时候&#10;[00&#58;46&#46;90]&#10;[00&#58;49&#46;77]朋友在一边笑&#10;[00&#58;54&#46;06]&#10;[00&#58;56&#46;81]当我寂寞的时候&#10;[01&#58;01&#46;04]&#10;[01&#58;03&#46;91]妈妈总很温柔&#10;[01&#58;08&#46;23]&#10;[01&#58;10&#46;81]当我寂寞的时候&#10;[01&#58;16&#46;36]&#10;[01&#58;17&#46;83]神灵也寂寞&#10;[01&#58;22&#46;22]&#10;[02&#58;35&#46;80]当我寂寞的时候&#10;[02&#58;39&#46;58]&#10;[02&#58;42&#46;47]其他人并不知道&#10;[02&#58;46&#46;79]&#10;[02&#58;49&#46;83]当我寂寞的时候&#10;[02&#58;54&#46;89]&#10;[02&#58;56&#46;79]朋友在一边笑&#10;[03&#58;00&#46;83]&#10;[03&#58;03&#46;81]当我寂寞的时候&#10;[03&#58;07&#46;95]&#10;[03&#58;10&#46;91]妈妈总很温柔&#10;[03&#58;15&#46;23]&#10;[03&#58;17&#46;87]当我', '0', '0', '0', '0');
INSERT INTO `song` VALUES ('107901240', '烈火神盾 (《麻辣变形计第一季》电视剧主题曲)', '魏晨', null, 'http://www.nemoyang.cn/bigphoto/0032btTR3Vjw8E.jpg', 'http://www.nemoyang.cn/smallphoto/0032btTR3Vjw8E.jpg', 'http://dl.stream.qqmusic.qq.com/107901240.mp3?vkey=4A95A0FCDFDC050E9D543841CA4A28AABD19F1973177DAB50', 'http://www.nemoyang.cn/song/107901240.mp3', '193', '4', '[ti&#58;烈火神盾&#32;&#40;《麻辣变形记第一季》电视剧主题曲&#41;]&#10;[ar&#58;魏晨]&#10;[al&#58;]&#10;[by&#58;]&#10;[offset&#58;0]&#10;[00&#58;00&#46;62]烈火神盾&#32;&#40;《麻辣变形计第一季》电视剧主题曲&#41;&#32;&#45;&#32;魏晨&#10;[00&#58;04&#46;82]词：袁大巍/李晓璇&#10;[00&#58;06&#46;24]曲：李晓璇/袁大巍&#10;[00&#58;07&#46;73]编曲：李晓璇/袁大巍&#10;[00&#58;09&#46;50]Rap：Chris&#32;Swag（英国）&#10;[00&#58;09&#46;60]&#10;[00&#58;10&#46;23]在安全范围之中有秩序的撤离&#10;[00&#58;12&#46;56]让恐惧之火离去休想侵犯包围&#10;[00&#58;15&#46;15]野性的本能最终难以让我们抗拒&#10;[00&#58;17&#46;44]化险为夷&#32;找到自己的style&#10;[00&#58;19&#46;93]烈火的意志让我们都变的更加坚定&#10;[00&#58;22&#46;25]神盾的保护会让所有危险散去&#10;[00&#58;24&#46;70]每一次行动都是正义的化身&#10;[00&#58;27&#46;02]Right&#32;now就让我们一马当先&#10;[00&#58;29&#46;62]Hoho&#10;[00&#58;30&#46;74]&#10;[00&#58;31&#46;27]不用在执意迷失&#10;[00&#58;33&#46;02]坚强自己&#10;[00&#58;33&#46;88]&#10;[00&#58;34&#46;52]Hoho&#10;[00&#58;35&#46;25]&#10;[00&#58;36&#46;21]慢慢学会存在意义&#10;[00&#58;39&#46;96]拨开迷雾&#10;[00&#58;41&#46;81]寻找失去的足迹&#10;[00&#58;44&#46;29]Hoho&#10;[00&#58;45&#46;74]让一切开始变的真实&#10;[00&#58;48&#46;70', '0', '0', '0', '0');
INSERT INTO `song` VALUES ('107903929', '微微一笑很倾城 (《微微一笑很倾城》电视剧片尾曲)', '杨洋', null, 'http://www.nemoyang.cn/bigphoto/003RxTdZ0sJLwo.jpg', 'http://www.nemoyang.cn/smallphoto/003RxTdZ0sJLwo.jpg', 'http://dl.stream.qqmusic.qq.com/107903929.mp3?vkey=4A95A0FCDFDC050E9D543841CA4A28AABD19F1973177DAB50', 'http://www.nemoyang.cn/song/107903929.mp3', '204', '4', '[ti&#58;微微一笑很倾城&#32;&#40;《微微一笑很倾城》电视剧片尾曲&#41;]&#10;[ar&#58;杨洋]&#10;[al&#58;微微一笑很倾城]&#10;[by&#58;]&#10;[offset&#58;0]&#10;[00&#58;01&#46;13]微微一笑很倾城&#32;&#40;《微微一笑很倾城》电视剧片尾曲&#41;&#32;&#45;&#32;杨洋&#10;[00&#58;06&#46;98]词：汪苏泷/唯乙安&#10;[00&#58;09&#46;30]曲：汪苏泷/刘颜嘉&#10;[00&#58;11&#46;88]&#10;[00&#58;16&#46;89]雨水滴在我的外套&#10;[00&#58;20&#46;44]思念浸透我的衣角&#10;[00&#58;24&#46;19]你给的暗号&#10;[00&#58;25&#46;83]微微一笑&#10;[00&#58;27&#46;80]出现的刚刚好&#10;[00&#58;30&#46;35]&#10;[00&#58;31&#46;24]擦肩而过你的发梢&#10;[00&#58;34&#46;89]像是春风吹绿青草&#10;[00&#58;38&#46;40]浪漫在发酵&#10;[00&#58;40&#46;07]只愿为你&#10;[00&#58;41&#46;94]赶走所有烦恼&#10;[00&#58;45&#46;07]&#10;[00&#58;45&#46;76]带你到天涯海角&#10;[00&#58;49&#46;18]听你的心跳&#10;[00&#58;51&#46;79]&#10;[00&#58;52&#46;84]想给你一个拥抱&#10;[00&#58;56&#46;19]让全世界知道&#10;[00&#58;59&#46;90]遇见你我才知道你对我多重要&#10;[01&#58;03&#46;49]没有人能感觉到你最甜美的笑&#10;[01&#58;07&#46;07]我再不用把别人寻找&#10;[01&#58;10&#46;74]因为我已经找到&#10;[01&#58;14&#46;31]我们的缘分刚好不许别人打扰&#10;[01&#58;17&#46;92]搭配爱情的美妙只有我们知道&#10;[01&#58;21&#46;39]紧紧围绕你每分每秒&#10', '0', '0', '0', '0');
INSERT INTO `song` VALUES ('107953040', '梦里的星 (《旋风少女 第二季》电视剧插曲)', '陈楚生', null, 'http://www.nemoyang.cn/bigphoto/000CsLw70X5n7z.jpg', 'http://www.nemoyang.cn/smallphoto/000CsLw70X5n7z.jpg', 'http://dl.stream.qqmusic.qq.com/107953040.mp3?vkey=4A95A0FCDFDC050E9D543841CA4A28AABD19F1973177DAB50', 'http://www.nemoyang.cn/song/107953040.mp3', '239', '4', '[ti&#58;梦里的星&#32;&#40;《旋风少女&#32;第二季》电视剧插曲&#41;]&#10;[ar&#58;陈楚生]&#10;[al&#58;旋风少女&#32;第二季&#32;电视原声带]&#10;[by&#58;]&#10;[offset&#58;0]&#10;[00&#58;00&#46;00]梦里的星&#32;&#40;《旋风少女&#32;第二季》电视剧插曲&#41;&#32;&#45;&#32;陈楚生&#10;[00&#58;01&#46;38]词：仓雁彬&#10;[00&#58;02&#46;26]曲：仓雁彬&#10;[00&#58;03&#46;11]编曲：陶华&#10;[00&#58;04&#46;10]&#10;[00&#58;24&#46;18]多少次我困在原地转弯&#10;[00&#58;27&#46;45]&#10;[00&#58;28&#46;07]望着眼前越不过的高山&#10;[00&#58;31&#46;54]那些不甘&#32;那些遗憾&#10;[00&#58;35&#46;02]&#10;[00&#58;35&#46;54]每人都有注定束缚的命&#10;[00&#58;38&#46;87]&#10;[00&#58;40&#46;15]多想能和从前一样勇敢&#10;[00&#58;43&#46;49]&#10;[00&#58;44&#46;20]不怕岁月起伏世事变迁&#10;[00&#58;47&#46;62]就算痛啊&#32;就算哭啊&#10;[00&#58;51&#46;68]每人都在挣扎不服的命&#10;[00&#58;55&#46;46]梦里那闪亮的星&#10;[00&#58;58&#46;13]将我指引&#10;[01&#58;00&#46;15]如你的眼睛&#10;[01&#58;04&#46;45]&#10;[01&#58;05&#46;51]是不是有句话我们从没说完&#10;[01&#58;09&#46;53]所以才整夜地不安&#10;[01&#58;13&#46;05]&#10;[01&#58;13&#46;62]能不能把一切试着全部放掉&#10;[01&#58;17&#46;71]不管&#10;[01&#58;19&#46;09]&#10;[01&#58;21&#46;75]看一看那窗外散落下的星光&#10', '0', '0', '0', '0');
INSERT INTO `song` VALUES ('107966886', 'Fighting Day (《麻辣变形计 第一季》电视剧主题曲)', '鞠婧祎', null, 'http://www.nemoyang.cn/bigphoto/001osfHx2hKvRz.jpg', 'http://www.nemoyang.cn/smallphoto/001osfHx2hKvRz.jpg', 'http://dl.stream.qqmusic.qq.com/107966886.mp3?vkey=4A95A0FCDFDC050E9D543841CA4A28AABD19F1973177DAB50', 'http://www.nemoyang.cn/song/107966886.mp3', '234', '4', '[ti&#58;Fighting&#32;Day&#32;&#40;《麻辣变形计&#32;第一季》电视剧主题曲&#41;]&#10;[ar&#58;鞠婧祎]&#10;[al&#58;Fighting&#32;Day]&#10;[by&#58;]&#10;[offset&#58;0]&#10;[00&#58;01&#46;27]Fighting&#32;Day&#32;&#40;《麻辣变形计&#32;第一季》电视剧主题曲&#41;&#32;&#45;&#32;鞠婧祎&#10;[00&#58;02&#46;66]词：周琦/袁大巍&#10;[00&#58;02&#46;96]曲：周琦&#10;[00&#58;03&#46;11]编曲：周琦&#10;[00&#58;03&#46;88]&#10;[00&#58;10&#46;71]La&#32;la&#32;la&#10;[00&#58;14&#46;13]Fighting&#32;day&#10;[00&#58;15&#46;18]La&#32;la&#32;la&#10;[00&#58;18&#46;69]一起冲向前&#10;[00&#58;19&#46;81]La&#32;la&#32;la&#10;[00&#58;23&#46;43]Fighting&#32;day&#10;[00&#58;24&#46;44]La&#32;la&#32;la&#10;[00&#58;28&#46;13]&#10;[00&#58;29&#46;16]大声的喊出来&#10;[00&#58;31&#46;46]有梦就不要徘徊&#10;[00&#58;33&#46;84]勇敢挑战就是你的姿态&#10;[00&#58;37&#46;63]&#10;[00&#58;38&#46;50]告别昨天空白&#10;[00&#58;40&#46;85]今天涂满色彩&#10;[00&#58;43&#46;13]迎接一个新的美丽未来&#10;[00&#58;47&#46;08]&#10;[00&#58;47&#46;85]不要浪费美好青春时代&#10;[00&#58;51&#46;59]&#10;[00&#58;52&#46;59]别忧伤&#32;站起来&#10;[00&#58;54&#46;76]年轻就不怕失败&#10;[00&#58;57&#46;11]', '0', '0', '0', '0');
INSERT INTO `song` VALUES ('107968957', '因为我爱你 (Because Of You)', '林夕', null, 'http://www.nemoyang.cn/bigphoto/002dzZIZ0TzqRa.jpg', 'http://www.nemoyang.cn/smallphoto/002dzZIZ0TzqRa.jpg', 'http://dl.stream.qqmusic.qq.com/107968957.mp3?vkey=4A95A0FCDFDC050E9D543841CA4A28AABD19F1973177DAB50', 'http://www.nemoyang.cn/song/107968957.mp3', '203', '4', '[ti&#58;Because&#32;Of&#32;You]&#10;[ar&#58;林夕]&#10;[al&#58;Because&#32;Of&#32;You]&#10;[by&#58;]&#10;[offset&#58;0]&#10;[00&#58;00&#46;10]因为我爱你&#32;&#45;&#32;林夕&#10;[00&#58;00&#46;20]词：林夕&#10;[00&#58;00&#46;40]曲：林圣杰&#10;[00&#58;00&#46;80]&#10;[00&#58;01&#46;88]Because&#32;of&#32;you&#10;[00&#58;02&#46;88]&#10;[00&#58;03&#46;61]Because&#32;of&#32;you&#10;[00&#58;05&#46;55]Because&#32;of&#32;you&#10;[00&#58;06&#46;68]&#10;[00&#58;07&#46;47]Because&#32;of&#32;you&#10;[00&#58;08&#46;53]&#10;[00&#58;09&#46;29]Because&#32;of&#32;you&#10;[00&#58;10&#46;45]&#10;[00&#58;11&#46;18]Because&#32;of&#32;you&#10;[00&#58;12&#46;63]&#10;[00&#58;13&#46;15]Because&#32;of&#32;you&#10;[00&#58;15&#46;64]&#10;[00&#58;17&#46;06]你不在我身边&#10;[00&#58;19&#46;78]&#10;[00&#58;20&#46;50]平凡过着每一天&#10;[00&#58;23&#46;31]&#10;[00&#58;24&#46;62]整夜独自想念&#10;[00&#58;27&#46;34]&#10;[00&#58;28&#46;10]房间如此的空洞&#10;[00&#58;30&#46;84]&#10;[00&#58;32&#46;18]虽然那时爱你&#10;[00&#58;35&#46;08]可我却又这样让你走&#10;[00&#58;39&#46;70]只想让你明白这是我对你的好&', '0', '0', '0', '0');
INSERT INTO `song` VALUES ('108029101', '两头猪的真爱', '赵真', null, 'http://www.nemoyang.cn/bigphoto/000sWacT4ZPf5Z.jpg', 'http://www.nemoyang.cn/smallphoto/000sWacT4ZPf5Z.jpg', 'http://dl.stream.qqmusic.qq.com/108029101.mp3?vkey=4A95A0FCDFDC050E9D543841CA4A28AABD19F1973177DAB50', 'http://www.nemoyang.cn/song/108029101.mp3', '244', '4', '[ti&#58;两头猪的真爱]&#10;[ar&#58;赵真]&#10;[al&#58;两头猪的真爱]&#10;[by&#58;]&#10;[offset&#58;0]&#10;[00&#58;00&#46;44]两头猪的真爱&#32;&#45;&#32;赵真&#10;[00&#58;00&#46;74]词：赵真&#10;[00&#58;00&#46;87]曲：赵真&#10;[00&#58;01&#46;01]编曲：廖灵光&#10;[00&#58;01&#46;42]&#10;[00&#58;33&#46;66]亲爱的你&#32;我将离开你身边&#10;[00&#58;37&#46;42]&#10;[00&#58;38&#46;12]请你不要&#32;泪水涟涟&#10;[00&#58;42&#46;07]&#10;[00&#58;42&#46;83]只因为心中太爱你&#10;[00&#58;46&#46;70]&#10;[00&#58;47&#46;33]才故意把你的饭饭抢完&#10;[00&#58;51&#46;27]&#10;[00&#58;51&#46;90]亲爱的你&#32;我也会把你想念&#10;[00&#58;55&#46;69]&#10;[00&#58;56&#46;46]我今生已经实现诺言&#10;[01&#58;00&#46;40]&#10;[01&#58;01&#46;07]当初让你受了太多委屈&#10;[01&#58;04&#46;88]&#10;[01&#58;05&#46;60]只为能让你多活几天&#10;[01&#58;09&#46;53]亲爱的&#32;我走了&#10;[01&#58;13&#46;58]&#10;[01&#58;14&#46;21]想我就来睡我的房间&#10;[01&#58;18&#46;18]&#10;[01&#58;18&#46;69]亲爱的&#32;不要哭&#10;[01&#58;23&#46;33]墙上有我对你的留言&#10;[01&#58;28&#46;17]&#10;[01&#58;30&#46;81]最爱的人&#32;少吃一点点&#10;[01&#58;34&#46;61]&#10;[01&#58;35&#46;27]小心吃得太肥&#32;变成盘中餐&#10;[01&#58;39&#46;14]&#10;', '0', '0', '0', '0');
INSERT INTO `song` VALUES ('108029249', '树叶的光 (《旋风少女第二季》电视剧插曲)', '徐菲', null, 'http://www.nemoyang.cn/bigphoto/003Lc1Hj0CkFT5.jpg', 'http://www.nemoyang.cn/smallphoto/003Lc1Hj0CkFT5.jpg', 'http://dl.stream.qqmusic.qq.com/108029249.mp3?vkey=4A95A0FCDFDC050E9D543841CA4A28AABD19F1973177DAB50', 'http://www.nemoyang.cn/song/108029249.mp3', '277', '4', '[ti&#58;树叶的光&#32;&#40;《旋风少女第二季》电视剧插曲&#41;]&#10;[ar&#58;徐菲]&#10;[al&#58;树叶的光]&#10;[by&#58;]&#10;[offset&#58;0]&#10;[00&#58;00&#46;95]树叶的光&#32;&#40;《旋风少女第二季》电视剧插曲&#41;&#32;&#45;&#32;徐菲&#10;[00&#58;05&#46;45]词：于洛熙&#10;[00&#58;06&#46;36]曲：李亮&#10;[00&#58;07&#46;12]编曲：金若晨&#10;[00&#58;08&#46;30]&#10;[00&#58;32&#46;32]银色耀眼星空&#10;[00&#58;37&#46;59]&#10;[00&#58;39&#46;78]苍翠茂密梧桐&#10;[00&#58;45&#46;14]&#10;[00&#58;45&#46;89]茫茫中&#10;[00&#58;48&#46;38]&#10;[00&#58;49&#46;18]蓄势待发的梦&#10;[00&#58;52&#46;69]&#10;[00&#58;53&#46;36]埋下心愿静静在等候&#10;[00&#58;59&#46;55]&#10;[01&#58;02&#46;15]风中摇曳松柏&#10;[01&#58;07&#46;22]&#10;[01&#58;09&#46;56]发出细声感慨&#10;[01&#58;14&#46;63]&#10;[01&#58;17&#46;46]冥冥中追逐的那个梦&#10;[01&#58;23&#46;01]渴望着阳光来到&#10;[01&#58;29&#46;26]&#10;[01&#58;33&#46;04]等晨风打散乌云阴霾&#10;[01&#58;42&#46;89]直到心不再为往事徘徊&#10;[01&#58;49&#46;09]&#10;[01&#58;50&#46;48]当光明穿透过云层的刹那&#10;[01&#58;56&#46;22]就让爱&#10;[01&#58;58&#46;03]开怀拥抱这世界&#10;[02&#58;03&#46;57]当阳光&#10;[02&#58;05&#46;88]普照在这片大地上&#10;[02&#58;11&#46;51]&#10', '0', '0', '0', '0');
INSERT INTO `song` VALUES ('108030930', '树读', '王俊凯', null, 'http://www.nemoyang.cn/bigphoto/0022vZQA3f1Tuj.jpg', 'http://www.nemoyang.cn/smallphoto/0022vZQA3f1Tuj.jpg', 'http://dl.stream.qqmusic.qq.com/108030930.mp3?vkey=4A95A0FCDFDC050E9D543841CA4A28AABD19F1973177DAB50', 'http://www.nemoyang.cn/song/108030930.mp3', '236', '4', '[ti&#58;树读]&#10;[ar&#58;王俊凯]&#10;[al&#58;树读]&#10;[by&#58;]&#10;[offset&#58;0]&#10;[00&#58;06&#46;82]树读&#32;&#45;&#32;王俊凯&#10;[00&#58;09&#46;33]词：黄俊郎&#10;[00&#58;11&#46;84]曲：王俊凯&#10;[00&#58;14&#46;16]编曲：林迈可&#10;[00&#58;17&#46;10]&#10;[00&#58;21&#46;91]它往上&#32;想明白那阳光&#10;[00&#58;28&#46;19]&#10;[00&#58;29&#46;34]也往下&#32;想守护着土壤&#10;[00&#58;35&#46;88]&#10;[00&#58;36&#46;91]当天空不再蓝&#10;[00&#58;39&#46;33]&#10;[00&#58;40&#46;52]就落下一张张&#10;[00&#58;43&#46;58]落地声响&#32;慢慢枯黄&#10;[00&#58;46&#46;83]&#10;[00&#58;47&#46;97]曾经淡绿的忧伤&#10;[00&#58;50&#46;83]&#10;[00&#58;52&#46;26]山丘蜿蜒形状&#32;被贪婪切成方&#10;[00&#58;59&#46;86]没人听见&#32;它在日夜&#32;祈求的愿望&#10;[01&#58;06&#46;30]&#10;[01&#58;07&#46;70]河流不再笑着流淌&#32;花也不再香&#10;[01&#58;13&#46;70]&#10;[01&#58;14&#46;77]我们唯一学会的面对&#32;竟然是遗忘&#10;[01&#58;21&#46;52]&#10;[01&#58;22&#46;48]让它倒在一场&#32;雷雨之后的小巷&#10;[01&#58;29&#46;44]而我要&#32;实现它的愿望&#10;[01&#58;34&#46;97]&#10;[01&#58;42&#46;02]它曾&#32;扶持过瓦墙&#10;[01&#58;43&#46;91]也为&#32;孩子们遮阳&#10;[01&#58;45&#46;81]用呼吸让这世界&#32;不再浑浊&#10;[01&#5', '0', '0', '0', '0');
INSERT INTO `song` VALUES ('108031806', 'Lost In The Stars (《星际迷航3：超越星辰》电影中国主题曲)', '张杰', null, 'http://www.nemoyang.cn/bigphoto/003WnIzD3YjsnA.jpg', 'http://www.nemoyang.cn/smallphoto/003WnIzD3YjsnA.jpg', 'http://dl.stream.qqmusic.qq.com/108031806.mp3?vkey=4A95A0FCDFDC050E9D543841CA4A28AABD19F1973177DAB50', 'http://www.nemoyang.cn/song/108031806.mp3', '229', '4', '[ti&#58;Lost&#32;In&#32;The&#32;Stars&#32;&#40;《星际迷航3：超越星辰》电影中国主题曲&#41;]&#10;[ar&#58;张杰]&#10;[al&#58;Lost&#32;In&#32;The&#32;Stars]&#10;[by&#58;]&#10;[offset&#58;0]&#10;[00&#58;02&#46;07]Lost&#32;In&#32;The&#32;Stars&#32;&#40;《星际迷航3：超越星辰》电影中国主题曲&#41;&#32;&#45;&#32;张杰&#10;[00&#58;06&#46;52]Written&#32;by：T&#32;coles/Venus&#32;Brown/Malek&#32;Beats&#10;[00&#58;07&#46;91]&#10;[00&#58;16&#46;62]It&#39;s&#32;a&#32;big&#32;world&#10;[00&#58;18&#46;10]&#10;[00&#58;20&#46;50]And&#32;it&#39;s&#32;so&#32;full&#32;of&#32;love&#10;[00&#58;22&#46;51]&#10;[00&#58;24&#46;69]Round&#32;and&#32;round&#10;[00&#58;26&#46;10]&#10;[00&#58;28&#46;42]Can&#39;t&#32;seem&#32;to&#32;get&#32;enough&#10;[00&#58;30&#46;35]&#10;[00&#58;31&#46;54]Of&#32;the&#32;thrill&#10;[00&#58;34&#46;51]Hope&#32;the&#32;fun&#32;last&#32;forever&#32;forever&#10;[00&#58;38&#46;48]&#10;[00&#58;39&#46;49]Can&#39;t&#32;you&#32;feel&#10;[00&#58;42&#46;02]&#10;[00&#58;42&#46;70]The&#32;force&#32;pull&#32;us&#32;together&#32;together&#10;', '0', '0', '0', '0');
INSERT INTO `song` VALUES ('108034918', '下一秒 (《微微一笑很倾城》电视剧插曲)', '张碧晨', null, 'http://www.nemoyang.cn/bigphoto/003RxTdZ0sJLwo.jpg', 'http://www.nemoyang.cn/smallphoto/003RxTdZ0sJLwo.jpg', 'http://dl.stream.qqmusic.qq.com/108034918.mp3?vkey=4A95A0FCDFDC050E9D543841CA4A28AABD19F1973177DAB50', 'http://www.nemoyang.cn/song/108034918.mp3', '194', '4', '[ti&#58;下一秒&#32;&#40;《微微一笑很倾城》电视剧插曲&#41;]&#10;[ar&#58;张碧晨]&#10;[al&#58;下一秒]&#10;[by&#58;]&#10;[offset&#58;0]&#10;[00&#58;00&#46;13]下一秒&#32;&#40;《微微一笑很倾城》电视剧插曲&#41;&#32;&#45;&#32;张碧晨&#10;[00&#58;01&#46;46]词：汪苏泷&#10;[00&#58;02&#46;28]曲：汪苏泷&#10;[00&#58;03&#46;30]&#10;[00&#58;13&#46;07]好想能看到&#10;[00&#58;15&#46;43]&#10;[00&#58;16&#46;22]你嘴角微笑&#10;[00&#58;18&#46;42]&#10;[00&#58;19&#46;19]最好在下一秒&#10;[00&#58;22&#46;55]&#10;[00&#58;25&#46;25]好想能听到&#10;[00&#58;27&#46;44]&#10;[00&#58;28&#46;38]你轻声歌唱&#10;[00&#58;30&#46;46]&#10;[00&#58;31&#46;59]最好在下一秒&#10;[00&#58;34&#46;96]&#10;[00&#58;37&#46;60]纯白棒球帽&#10;[00&#58;39&#46;94]&#10;[00&#58;40&#46;71]墨绿色衣角&#10;[00&#58;43&#46;06]&#10;[00&#58;43&#46;95]时间静止的美好&#10;[00&#58;47&#46;18]&#10;[00&#58;49&#46;95]默契发生在每个下一秒&#10;[00&#58;53&#46;08]&#10;[00&#58;56&#46;11]爱上同一种口味的蛋糕&#10;[00&#58;59&#46;36]&#10;[01&#58;02&#46;29]不约而同哼唱一段曲调&#10;[01&#58;05&#46;44]&#10;[01&#58;08&#46;34]喜欢这样看你傻傻的笑&#10;[01&#58;11&#46;70]&#10;[01&#58;14&#46;53]好想能这样&#10;[01&#58;16&#46;84]&#', '0', '0', '0', '0');
INSERT INTO `song` VALUES ('108051051', '你的意义 (《在世界中心呼唤爱》电影片尾曲)', '崔子格', null, 'http://www.nemoyang.cn/bigphoto/002SQOOC0ptSlY.jpg', 'http://www.nemoyang.cn/smallphoto/002SQOOC0ptSlY.jpg', 'http://dl.stream.qqmusic.qq.com/108051051.mp3?vkey=4A95A0FCDFDC050E9D543841CA4A28AABD19F1973177DAB50', 'http://www.nemoyang.cn/song/108051051.mp3', '192', '4', '[ti&#58;你的意义&#32;&#40;《在世界中心呼唤爱》电影片尾曲&#41;]&#10;[ar&#58;崔子格/刘雨潼]&#10;[al&#58;你的意义]&#10;[by&#58;]&#10;[offset&#58;0]&#10;[00&#58;00&#46;56]你的意义&#32;&#40;《在世界中心呼唤爱》电影片尾曲&#41;&#32;&#45;&#32;崔子格/刘雨潼&#10;[00&#58;02&#46;12]词：朱婧汐/崔恕&#10;[00&#58;02&#46;41]曲：金昌完&#10;[00&#58;02&#46;73]&#10;[00&#58;10&#46;62]女：&#10;[00&#58;10&#46;98]&#10;[00&#58;12&#46;14]夕阳&#32;铺满走过的街&#10;[00&#58;17&#46;44]灿烂的暮光&#10;[00&#58;19&#46;34]染黄了岁月&#10;[00&#58;22&#46;56]&#10;[00&#58;24&#46;18]耳机&#32;曾给你另一半&#10;[00&#58;28&#46;71]于是有你的画面&#10;[00&#58;31&#46;38]流淌着音乐&#10;[00&#58;34&#46;70]&#10;[00&#58;36&#46;29]回望雨中笑着哭的我们&#10;[00&#58;40&#46;67]&#10;[00&#58;42&#46;19]欢喜和悲伤都是如此的对称&#10;[00&#58;46&#46;77]&#10;[00&#58;48&#46;23]你的泪&#32;甜中带咸&#10;[00&#58;50&#46;46]&#10;[00&#58;51&#46;17]仿佛柠檬加了盐&#10;[00&#58;53&#46;23]&#10;[00&#58;54&#46;14]拥有和失去&#10;[00&#58;56&#46;87]都在一瞬间&#10;[00&#58;59&#46;44]&#10;[01&#58;00&#46;19]我们在那个夏天&#10;[01&#58;02&#46;80]许轻狂的誓言&#10;[01&#58;05&#46;09]&#10;[01&#58;05&#46;98]可谁能猜到未来&#10;[01&#58;08&#46;29]&#10;', '0', '0', '0', '0');
INSERT INTO `song` VALUES ('108051435', 'It’s You', '陈浩东', null, 'http://www.nemoyang.cn/bigphoto/003bH3Y50wUlK2.jpg', 'http://www.nemoyang.cn/smallphoto/003bH3Y50wUlK2.jpg', 'http://dl.stream.qqmusic.qq.com/108051435.mp3?vkey=4A95A0FCDFDC050E9D543841CA4A28AABD19F1973177DAB50', 'http://www.nemoyang.cn/song/108051435.mp3', '251', '4', '[ti&#58;It’s&#32;You]&#10;[ar&#58;陈浩东]&#10;[al&#58;It’s&#32;You]&#10;[by&#58;]&#10;[offset&#58;0]&#10;[00&#58;02&#46;44]It’s&#32;You&#32;&#45;&#32;陈浩东&#10;[00&#58;04&#46;24]词：陈浩东&#10;[00&#58;05&#46;30]曲：陈浩东&#10;[00&#58;07&#46;00]编曲：黄雨勋&#10;[00&#58;07&#46;10]&#10;[00&#58;12&#46;95]It&#39;s&#32;gonna&#32;be&#10;[00&#58;14&#46;45]I&#32;know&#32;it&#39;s&#32;you&#10;[00&#58;16&#46;06]&#10;[00&#58;16&#46;69]占据了我太多的时间&#10;[00&#58;20&#46;02]&#10;[00&#58;20&#46;80]分开以后&#10;[00&#58;22&#46;53]I&#39;m&#32;starting&#32;pray&#32;for&#32;you&#10;[00&#58;24&#46;93]&#10;[00&#58;28&#46;25]I&#32;know&#32;it&#39;s&#32;you&#10;[00&#58;30&#46;43]改变了我生活的世界&#10;[00&#58;33&#46;90]&#10;[00&#58;34&#46;50]不再懒惰&#10;[00&#58;36&#46;18]I&#39;m&#32;starting&#32;write&#32;to&#32;you&#10;[00&#58;39&#46;69]&#10;[00&#58;40&#46;91]釜山广场雨下的冬天&#10;[00&#58;43&#46;30]我眼中的寒夜&#10;[00&#58;45&#46;04]你戴着我送的项链&#10;[00&#58;46&#46;74]却要让我放开手&#10;[00&#58;48&#46;67]You&#32;call&#32;me&#32;asshole&#10;[00&#58;50&#46;32]最后让我将就&#10;[00&#58', '0', '0', '0', '0');
INSERT INTO `song` VALUES ('108103030', 'PONPONPON (《亲爱的，公主病》电视剧片头曲)', '梨亚', null, 'http://www.nemoyang.cn/bigphoto/000NFeZL4NGbmB.jpg', 'http://www.nemoyang.cn/smallphoto/000NFeZL4NGbmB.jpg', 'http://dl.stream.qqmusic.qq.com/108103030.mp3?vkey=4A95A0FCDFDC050E9D543841CA4A28AABD19F1973177DAB50', 'http://www.nemoyang.cn/song/108103030.mp3', '195', '4', '[ti&#58;PONPONPON&#32;&#40;《亲爱的，公主病》电视剧片头曲&#41;]&#10;[ar&#58;梨亚]&#10;[al&#58;亲爱的，公主病&#32;OST&#46;part&#46;2]&#10;[by&#58;]&#10;[offset&#58;0]&#10;[00&#58;00&#46;49]PONPONPON&#32;&#40;《亲爱的，公主病》电视剧片头曲&#41;&#32;&#45;&#32;梨亚&#10;[00&#58;01&#46;25]词：李昭萱&#10;[00&#58;01&#46;98]曲：陈思妤/陈起贤&#10;[00&#58;03&#46;56]&#10;[00&#58;10&#46;40]一圈一圈时针在奔跑&#10;[00&#58;13&#46;78]一点一点雨水在聒噪&#10;[00&#58;17&#46;40]真不巧我一个人像犀牛缺了角&#10;[00&#58;22&#46;96]&#10;[00&#58;25&#46;58]花开声音一个人听到&#10;[00&#58;29&#46;07]两人分享会不会更好&#10;[00&#58;32&#46;75]好想要装不经意邀请你好不好&#10;[00&#58;38&#46;64]&#10;[00&#58;40&#46;39]Pon&#32;pon&#32;pon&#10;[00&#58;41&#46;81]Oh&#32;我的心跳&#10;[00&#58;44&#46;36]专属对你发射出讯号&#10;[00&#58;48&#46;22]把你放在我的小岛&#10;[00&#58;51&#46;75]一天一天陪我到老&#10;[00&#58;55&#46;84]No&#32;no&#32;no&#10;[00&#58;57&#46;11]Hey&#32;你的嘴角&#10;[00&#58;59&#46;66]微笑弧度太高哎呀呀&#10;[01&#58;04&#46;80]你不知道&#10;[01&#58;06&#46;73]&#10;[01&#58;07&#46;30]有你存在一切刚刚好&#10;[01&#58;12&#46;46]&#10;[01&#58;27&#46;00]花开声音一个人听到&#10;[01&#58;30&#46;41]两人分享会不会更好&#10;[', '0', '0', '0', '0');
INSERT INTO `song` VALUES ('108103031', '没关系 (《亲爱的，公主病》电视剧插曲)', '曹轩宾', null, 'http://www.nemoyang.cn/bigphoto/000NFeZL4NGbmB.jpg', 'http://www.nemoyang.cn/smallphoto/000NFeZL4NGbmB.jpg', 'http://dl.stream.qqmusic.qq.com/108103031.mp3?vkey=4A95A0FCDFDC050E9D543841CA4A28AABD19F1973177DAB50', 'http://www.nemoyang.cn/song/108103031.mp3', '282', '4', '[ti&#58;没关系&#32;&#40;《亲爱的，公主病》电视剧插曲&#41;]&#10;[ar&#58;曹轩宾]&#10;[al&#58;亲爱的，公主病&#32;OST&#46;part&#46;2]&#10;[by&#58;]&#10;[offset&#58;0]&#10;[00&#58;00&#46;49]没关系&#32;&#40;《亲爱的，公主病》电视剧插曲&#41;&#32;&#45;&#32;曹轩宾&#10;[00&#58;01&#46;33]词：张乐声&#10;[00&#58;02&#46;07]曲：曹轩宾&#10;[00&#58;03&#46;01]&#10;[00&#58;15&#46;24]没关系&#32;我会陪你坐一整天&#10;[00&#58;19&#46;94]&#10;[00&#58;22&#46;06]谁都不去想&#32;现在是几点&#10;[00&#58;27&#46;40]&#10;[00&#58;30&#46;01]累了的时候&#32;当你的靠垫&#10;[00&#58;35&#46;77]&#10;[00&#58;36&#46;79]沉默是爱情&#32;的另一种语言&#10;[00&#58;41&#46;93]&#10;[00&#58;44&#46;79]没关系&#32;我反正有很多时间&#10;[00&#58;49&#46;72]&#10;[00&#58;51&#46;53]其实除了你&#32;也不能给谁消遣&#10;[00&#58;57&#46;32]&#10;[00&#58;59&#46;50]装作没听见&#32;你和他的聊天&#10;[01&#58;05&#46;37]&#10;[01&#58;06&#46;22]就当做&#32;世界按下静音键&#10;[01&#58;12&#46;14]&#10;[01&#58;14&#46;28]只想安静守护在你的身边&#10;[01&#58;19&#46;21]&#10;[01&#58;21&#46;36]哪怕你从未&#32;看过我的脸&#10;[01&#58;27&#46;35]&#10;[01&#58;29&#46;01]有些思念&#32;只能在心里面盘旋&#10;[01&#58;34&#46;70]&#10;[01&#58;35&#46;86]看不看得见&#32;无关爱你的', '0', '0', '0', '0');
INSERT INTO `song` VALUES ('108112248', '再给我一些勇气', '庄心妍', null, 'http://www.nemoyang.cn/bigphoto/002fYZg03Hwbdg.jpg', 'http://www.nemoyang.cn/smallphoto/002fYZg03Hwbdg.jpg', 'http://dl.stream.qqmusic.qq.com/108112248.mp3?vkey=4A95A0FCDFDC050E9D543841CA4A28AABD19F1973177DAB50', 'http://www.nemoyang.cn/song/108112248.mp3', '269', '4', '[ti&#58;再给我一些勇气]&#10;[ar&#58;庄心妍/海哲明]&#10;[al&#58;再给我一些勇气]&#10;[by&#58;]&#10;[offset&#58;0]&#10;[00&#58;01&#46;09]再给我一些勇气&#32;&#45;&#32;庄心妍/海哲明&#10;[00&#58;02&#46;15]词：林华勇&#10;[00&#58;02&#46;34]曲：林华勇&#10;[00&#58;02&#46;83]编曲：胜屿&#10;[00&#58;03&#46;87]&#10;[00&#58;16&#46;07]男：&#10;[00&#58;16&#46;65]&#10;[00&#58;17&#46;15]房间里的东西&#10;[00&#58;19&#46;56]又扔了一地&#10;[00&#58;22&#46;02]&#10;[00&#58;24&#46;86]因为我忘了&#10;[00&#58;26&#46;69]那支唇膏在哪里&#10;[00&#58;29&#46;51]&#10;[00&#58;32&#46;65]你生气的说我&#10;[00&#58;34&#46;82]生活太随意&#10;[00&#58;37&#46;66]&#10;[00&#58;38&#46;27]喔&#10;[00&#58;39&#46;67]&#10;[00&#58;40&#46;22]漫天硝烟开始&#10;[00&#58;42&#46;58]弥漫着空气&#10;[00&#58;45&#46;12]&#10;[00&#58;48&#46;01]到底是谁又在挑拨我和你&#10;[00&#58;52&#46;84]&#10;[00&#58;55&#46;82]到底是谁又提起伤心的回忆&#10;[01&#58;02&#46;39]&#10;[01&#58;03&#46;47]我改掉所有的缺点只为你&#10;[01&#58;09&#46;29]&#10;[01&#58;11&#46;20]可是这一刻你又在哪里&#10;[01&#58;16&#46;17]&#10;[01&#58;18&#46;96]女：&#10;[01&#58;19&#46;20]也许我现在已没有权力&#10;[01&#58;22&#46;87]去爱你疼你关心你&#10;[01&#58;26&#', '0', '0', '0', '0');
INSERT INTO `song` VALUES ('108151686', '胖子的不甘心', '姚杰天', null, 'http://www.nemoyang.cn/bigphoto/001FMWeG2tsQOA.jpg', 'http://www.nemoyang.cn/smallphoto/001FMWeG2tsQOA.jpg', 'http://dl.stream.qqmusic.qq.com/108151686.mp3?vkey=4A95A0FCDFDC050E9D543841CA4A28AABD19F1973177DAB50', 'http://www.nemoyang.cn/song/108151686.mp3', '246', '4', '[ti&#58;胖子的不甘心]&#10;[ar&#58;姚杰天]&#10;[al&#58;二十四]&#10;[by&#58;]&#10;[offset&#58;0]&#10;[00&#58;00&#46;80]胖子的不甘心&#32;&#45;&#32;姚杰天&#10;[00&#58;02&#46;92]词：姚杰天&#10;[00&#58;03&#46;94]曲：姚杰天&#10;[00&#58;05&#46;28]&#10;[00&#58;24&#46;44]以前我驼着背穿T恤&#32;走在街上&#10;[00&#58;28&#46;89]没自信不敢让自己&#32;&#32;穿浅色装&#10;[00&#58;33&#46;13]一个人&#32;自卑的很&#10;[00&#58;39&#46;39]&#10;[00&#58;40&#46;48]我走在音乐的路上&#32;独自闯荡&#10;[00&#58;44&#46;53]该走的人都走光了&#32;&#32;还被中伤&#10;[00&#58;48&#46;60]你的歌&#32;不怎么样&#10;[00&#58;54&#46;82]&#10;[00&#58;56&#46;30]我听见有人在背后笑我&#10;[00&#58;59&#46;19]&#10;[01&#58;00&#46;15]我只能闭上嘴关上门&#32;努力奔跑&#10;[01&#58;04&#46;12]我怎么才能让自己更好&#10;[01&#58;06&#46;97]&#10;[01&#58;07&#46;88]我知道我认真的付出不求回报&#10;[01&#58;11&#46;82]我就是不甘心的倔强&#10;[01&#58;15&#46;65]绝不能让自己输给过往&#10;[01&#58;19&#46;62]想走的人你走吧&#10;[01&#58;21&#46;63]留下的一直留下&#10;[01&#58;23&#46;55]我都接纳&#10;[01&#58;25&#46;63]&#10;[01&#58;27&#46;01]我就是不甘心的倔强&#10;[01&#58;30&#46;77]绝不会让自己没有方向&#10;[01&#58;34&#46;20]&#10;[01&#58;35&#46;01]也许有时会孤独&#10;[01&#58;37&#46;24]', '0', '0', '0', '0');
INSERT INTO `song` VALUES ('108158390', '树屋女孩', '树屋女孩', null, 'http://www.nemoyang.cn/bigphoto/004O85Dv0bwfFt.jpg', 'http://www.nemoyang.cn/smallphoto/004O85Dv0bwfFt.jpg', 'http://dl.stream.qqmusic.qq.com/108158390.mp3?vkey=4A95A0FCDFDC050E9D543841CA4A28AABD19F1973177DAB50', 'http://www.nemoyang.cn/song/108158390.mp3', '233', '4', '[ti&#58;树屋女孩]&#10;[ar&#58;树屋女孩]&#10;[al&#58;树屋女孩]&#10;[by&#58;]&#10;[offset&#58;0]&#10;[00&#58;00&#46;10]树屋女孩&#32;&#45;&#32;树屋女孩&#10;[00&#58;00&#46;20]词：SEJP&#10;[00&#58;00&#46;30]曲：SEJP&#10;[00&#58;00&#46;85]My&#32;magic&#32;my&#32;fairy&#10;[00&#58;02&#46;36]我们是树屋女孩&#10;[00&#58;04&#46;35]My&#32;magic&#32;my&#32;fairy&#10;[00&#58;06&#46;06]我的美丽&#32;无处不在&#10;[00&#58;08&#46;06]My&#32;magic&#32;my&#32;fairy&#10;[00&#58;09&#46;80]我们是树屋女孩&#10;[00&#58;11&#46;77]My&#32;magic&#32;my&#32;fairy&#10;[00&#58;13&#46;63]我的美丽&#32;无处不在&#10;[00&#58;15&#46;48]&#10;[00&#58;24&#46;24]我是树屋女孩&#10;[00&#58;26&#46;66]&#10;[00&#58;27&#46;84]我的形象&#32;不受安排&#10;[00&#58;31&#46;48]有时古灵精怪&#32;有时会穿越时代&#10;[00&#58;37&#46;09]&#10;[00&#58;38&#46;36]Oh&#32;oh&#32;oh&#32;wu&#32;oh&#32;my&#32;fairy&#10;[00&#58;41&#46;94]Oh&#32;oh&#32;oh&#32;wu&#32;we&#32;are&#32;family&#10;[00&#58;45&#46;73]Oh&#32;oh&#32;oh&#32;wu&#32;oh&#32;my&#32;fairy&#10;[00&#58;48&#46;91]神秘的&#32;magic&#32;magic&#32;magic&#10;[00&#58;51&#46;93]向天空大声呼喊&', '0', '0', '0', '0');
INSERT INTO `song` VALUES ('108161387', '爱着爱着就淡了', '贺敬轩', null, 'http://www.nemoyang.cn/bigphoto/001gpeoS49eHQs.jpg', 'http://www.nemoyang.cn/smallphoto/001gpeoS49eHQs.jpg', 'http://dl.stream.qqmusic.qq.com/108161387.mp3?vkey=4A95A0FCDFDC050E9D543841CA4A28AABD19F1973177DAB50', 'http://www.nemoyang.cn/song/108161387.mp3', '236', '5', '[ti&#58;爱着爱着就淡了]&#10;[ar&#58;贺敬轩]&#10;[al&#58;爱着爱着就淡了]&#10;[by&#58;]&#10;[offset&#58;0]&#10;[00&#58;00&#46;24]爱着爱着就淡了&#32;&#45;&#32;贺敬轩&#10;[00&#58;02&#46;08]词：林华勇/魏思诗&#10;[00&#58;03&#46;44]曲：林华勇&#10;[00&#58;04&#46;20]编曲：林华勇/区密&#10;[00&#58;06&#46;21]&#10;[00&#58;22&#46;13]窗外的雨一直下心开始痛了&#10;[00&#58;26&#46;42]&#10;[00&#58;28&#46;14]偷偷的翻开日记我是想你了&#10;[00&#58;32&#46;84]&#10;[00&#58;34&#46;40]你说过我们错了就别硬撑着&#10;[00&#58;39&#46;03]&#10;[00&#58;40&#46;53]说晚安剩我一人了&#10;[00&#58;45&#46;21]&#10;[00&#58;46&#46;79]那场景依旧清晰不断回放着&#10;[00&#58;51&#46;40]&#10;[00&#58;52&#46;87]那些话在我耳边依旧温暖着&#10;[00&#58;57&#46;92]&#10;[00&#58;59&#46;01]你要的自由快乐我还给你了&#10;[01&#58;03&#46;66]&#10;[01&#58;05&#46;20]这一次真的失去了&#10;[01&#58;08&#46;83]&#10;[01&#58;10&#46;24]我们之间怎么爱着爱着就淡了&#10;[01&#58;16&#46;37]在爱情的路上走着走着就散了&#10;[01&#58;21&#46;93]&#10;[01&#58;22&#46;43]曾经许下的承诺&#10;[01&#58;25&#46;52]我都依然还记得&#10;[01&#58;29&#46;00]如今剩我一人苦苦的撑着&#10;[01&#58;34&#46;23]&#10;[01&#58;34&#46;88]为什么我和你爱着爱着就淡了&#10;[01&#58;40&#46;44]&#10;[01&#58;40&#46;96]', '0', '0', '0', '0');
INSERT INTO `song` VALUES ('108169501', '唯你一生 ( 《一生有你》电影推广曲)', '水木年华', null, 'http://www.nemoyang.cn/bigphoto/001mAdTW4WGbNN.jpg', 'http://www.nemoyang.cn/smallphoto/001mAdTW4WGbNN.jpg', 'http://dl.stream.qqmusic.qq.com/108169501.mp3?vkey=4A95A0FCDFDC050E9D543841CA4A28AABD19F1973177DAB50', 'http://www.nemoyang.cn/song/108169501.mp3', '298', '5', '[ti&#58;唯你一生&#32;&#40;&#32;《一生有你》电影推广曲&#41;]&#10;[ar&#58;水木年华]&#10;[al&#58;唯你一生]&#10;[by&#58;]&#10;[offset&#58;0]&#10;[00&#58;01&#46;75]唯你一生&#32;&#40;&#32;《一生有你》电影推广曲&#41;&#32;&#45;&#32;水木年华&#10;[00&#58;06&#46;51]词：林夕&#10;[00&#58;07&#46;46]曲：卢庚戌&#10;[00&#58;09&#46;45]&#10;[00&#58;44&#46;86]当春风吹不动秋千&#10;[00&#58;48&#46;92]&#10;[00&#58;50&#46;51]我们看落叶说变迁&#10;[00&#58;54&#46;88]&#10;[00&#58;56&#46;25]怀念着初见的容颜&#10;[01&#58;00&#46;29]&#10;[01&#58;01&#46;71]想象着皱纹看不厌&#10;[01&#58;06&#46;06]&#10;[01&#58;07&#46;35]当人们都相信谎言&#10;[01&#58;11&#46;34]&#10;[01&#58;12&#46;66]我们已超越了誓言&#10;[01&#58;18&#46;03]&#10;[01&#58;18&#46;56]人难免为生活改变&#10;[01&#58;22&#46;65]&#10;[01&#58;24&#46;13]你我在成长中互勉&#10;[01&#58;29&#46;76]一生有多少个春天&#10;[01&#58;34&#46;15]&#10;[01&#58;35&#46;08]有你才开始数明天&#10;[01&#58;39&#46;49]&#10;[01&#58;40&#46;61]头发若白了几根弦&#10;[01&#58;44&#46;93]&#10;[01&#58;46&#46;23]感情又深了好多年&#10;[01&#58;51&#46;10]&#10;[01&#58;52&#46;12]一生有太多的春天&#10;[01&#58;56&#46;54]&#10;[01&#58;57&#46;58]有你怕不够我留恋&#10;[02&#58;01&#46;59', '0', '3', '0', '0');
INSERT INTO `song` VALUES ('108211859', '支离', '痛仰乐队', null, 'http://www.nemoyang.cn/bigphoto/003lueYB042o4A.jpg', 'http://www.nemoyang.cn/smallphoto/003lueYB042o4A.jpg', 'http://dl.stream.qqmusic.qq.com/108211859.mp3?vkey=4A95A0FCDFDC050E9D543841CA4A28AABD19F1973177DAB50', 'http://www.nemoyang.cn/song/108211859.mp3', '397', '5', '[ti&#58;支离]&#10;[ar&#58;痛仰乐队]&#10;[al&#58;支离]&#10;[by&#58;]&#10;[offset&#58;0]&#10;[00&#58;00&#46;37]支离&#32;&#45;&#32;痛仰乐队&#10;[00&#58;01&#46;13]词：高虎&#10;[00&#58;01&#46;28]曲：高虎&#10;[00&#58;01&#46;43]编曲：痛仰乐队&#10;[00&#58;02&#46;44]&#10;[00&#58;59&#46;30]欲望&#32;没有边界&#10;[01&#58;02&#46;65]&#10;[01&#58;06&#46;22]但却&#32;忽隐忽现&#10;[01&#58;09&#46;71]&#10;[01&#58;13&#46;38]真相&#32;遥不可及&#10;[01&#58;16&#46;98]&#10;[01&#58;20&#46;48]谎言&#32;欲盖弥彰&#10;[01&#58;24&#46;01]&#10;[01&#58;27&#46;71]知道&#32;魔鬼的名字&#10;[01&#58;31&#46;27]&#10;[01&#58;34&#46;41]你就可以做它的主人&#10;[01&#58;38&#46;35]&#10;[01&#58;41&#46;87]被贪婪的双手紧握问候&#10;[01&#58;46&#46;99]&#10;[01&#58;49&#46;15]黑暗中我们更习惯入睡&#10;[01&#58;53&#46;00]&#10;[02&#58;24&#46;76]这不是最后的晚餐&#10;[02&#58;28&#46;53]&#10;[02&#58;31&#46;43]未来也非命中注定&#10;[02&#58;36&#46;57]&#10;[02&#58;38&#46;77]道德的靶子布满陷阱&#10;[02&#58;42&#46;68]&#10;[02&#58;46&#46;03]通向一座更大的监狱&#10;[02&#58;53&#46;19]想不了太多&#10;[02&#58;54&#46;18]&#10;[02&#58;54&#46;70]想不了太多&#10;[02&#58;56&#46;34]想不了太多&#10;[03&#58;00&', '0', '0', '0', '0');
INSERT INTO `song` VALUES ('108212654', '怎么忍心', '冰冰超人', null, 'http://www.nemoyang.cn/bigphoto/002G84MI0I87Yy.jpg', 'http://www.nemoyang.cn/smallphoto/002G84MI0I87Yy.jpg', 'http://dl.stream.qqmusic.qq.com/108212654.mp3?vkey=4A95A0FCDFDC050E9D543841CA4A28AABD19F1973177DAB50', 'http://www.nemoyang.cn/song/108212654.mp3', '194', '5', '[ti&#58;怎么忍心]&#10;[ar&#58;冰冰超人/鲁佳鑫]&#10;[al&#58;怎么忍心]&#10;[by&#58;]&#10;[offset&#58;0]&#10;[00&#58;00&#46;03]怎么忍心&#32;&#45;&#32;冰冰超人/鲁佳鑫&#10;[00&#58;01&#46;01]词：冰冰超人/鲁佳鑫&#10;[00&#58;01&#46;49]曲：冰冰超人/鲁佳鑫&#10;[00&#58;01&#46;82]编曲：邵文&#10;[00&#58;02&#46;73]混音：胡智炜&#10;[00&#58;03&#46;91]&#10;[00&#58;30&#46;04]合：&#10;[00&#58;30&#46;80]怎么忍心把我留了下来&#10;[00&#58;34&#46;92]我只能等着回忆变空白&#10;[00&#58;38&#46;90]关于你&#32;我爱与不爱都已经不存在&#10;[00&#58;47&#46;05]我发现这时间慢了下来&#10;[00&#58;50&#46;90]渐渐的也习惯没有依赖&#10;[00&#58;54&#46;93]又或许某一天她会明白我的无奈&#10;[01&#58;01&#46;14]男：&#10;[01&#58;01&#46;64]&#10;[01&#58;04&#46;34]躲在被窝还在辗转反侧&#10;[01&#58;06&#46;10]该如何描写我们的歌&#10;[01&#58;07&#46;94]记得下雨天我们吃的火锅&#10;[01&#58;10&#46;08]记得经历过的悲欢离合&#10;[01&#58;12&#46;04]我也在经历中慢慢懂得&#10;[01&#58;13&#46;98]可是你无声无息的走了&#10;[01&#58;16&#46;20]失去你生活都没了颜色&#10;[01&#58;18&#46;07]回忆在脑海里浮现着快乐&#10;[01&#58;20&#46;06]女：&#10;[01&#58;20&#46;42]Hey&#32;baby&#32;现在过的好吗&#10;[01&#58;21&#46;89]好久了没有接到你的电话&#10;[01&#58;24&#46;01]外面的雨滴滴答答还在下&#10;[01&#58;25&#46;59]忘带伞的习惯你', '0', '0', '0', '0');
INSERT INTO `song` VALUES ('108214213', '忘不了他，就忘了我', '齐晨', null, 'http://www.nemoyang.cn/bigphoto/0016HNrv4NrukV.jpg', 'http://www.nemoyang.cn/smallphoto/0016HNrv4NrukV.jpg', 'http://dl.stream.qqmusic.qq.com/108214213.mp3?vkey=4A95A0FCDFDC050E9D543841CA4A28AABD19F1973177DAB50', 'http://www.nemoyang.cn/song/108214213.mp3', '269', '5', '[ti&#58;忘不了他，就忘了我]&#10;[ar&#58;齐晨]&#10;[al&#58;忘不了他，就忘了我]&#10;[by&#58;]&#10;[offset&#58;0]&#10;[00&#58;00&#46;36]忘不了他，就忘了我&#32;&#45;&#32;齐晨&#10;[00&#58;00&#46;76]词：潇彬&#10;[00&#58;00&#46;89]曲：高磊&#10;[00&#58;01&#46;16]&#10;[00&#58;20&#46;26]看这城市暮色&#10;[00&#58;22&#46;98]你眼中有泪闪过&#10;[00&#58;25&#46;86]&#10;[00&#58;27&#46;80]他留下的寂寞&#10;[00&#58;30&#46;74]我承受你的失落&#10;[00&#58;33&#46;57]&#10;[00&#58;34&#46;74]每一天苦笑配合&#10;[00&#58;37&#46;77]&#10;[00&#58;38&#46;71]听你敷衍说爱我&#10;[00&#58;41&#46;54]&#10;[00&#58;42&#46;58]心酸&#32;不说&#10;[00&#58;47&#46;29]&#10;[00&#58;51&#46;10]你没有错&#10;[00&#58;53&#46;02]&#10;[00&#58;53&#46;99]错的是我爱的太多&#10;[00&#58;56&#46;94]&#10;[00&#58;58&#46;72]就算一点的好&#10;[01&#58;01&#46;29]&#10;[01&#58;01&#46;85]都能让我沦落&#10;[01&#58;04&#46;74]&#10;[01&#58;06&#46;67]而我只能&#10;[01&#58;09&#46;37]欣赏你的轮廓&#10;[01&#58;12&#46;33]&#10;[01&#58;14&#46;28]在回忆中穿梭&#10;[01&#58;16&#46;55]&#10;[01&#58;17&#46;46]你还对他执着&#10;[01&#58;21&#46;34]&#10;[01&#58;22&#46;76]如果你忘不了他&#10;[01&#58;25&#46;23]就忘了我&#10;[01&#5', '0', '0', '0', '0');
INSERT INTO `song` VALUES ('108215980', '半夏青春', '任然', null, 'http://www.nemoyang.cn/bigphoto/002ZT1bY0kBl4j.jpg', 'http://www.nemoyang.cn/smallphoto/002ZT1bY0kBl4j.jpg', 'http://dl.stream.qqmusic.qq.com/108215980.mp3?vkey=4A95A0FCDFDC050E9D543841CA4A28AABD19F1973177DAB50', 'http://www.nemoyang.cn/song/108215980.mp3', '261', '5', '[ti&#58;半夏青春]&#10;[ar&#58;任然]&#10;[al&#58;半夏青春]&#10;[by&#58;]&#10;[offset&#58;0]&#10;[00&#58;00&#46;28]半夏青春&#32;&#45;&#32;任然&#10;[00&#58;01&#46;03]词：康梓峰&#10;[00&#58;01&#46;22]曲：康梓峰&#10;[00&#58;01&#46;40]编曲：邱沐阳&#10;[00&#58;01&#46;62]缩混：殇小谨&#10;[00&#58;01&#46;84]吉他：邱沐阳&#10;[00&#58;02&#46;06]Bass：朱鸽&#10;[00&#58;02&#46;21]和声编写：Xun/任然&#10;[00&#58;02&#46;50]和声：任然&#10;[00&#58;02&#46;68]录音：Xun&#10;[00&#58;02&#46;83]制作人：Hot&#32;Music&#10;[00&#58;03&#46;04]&#10;[00&#58;22&#46;14]那夏天你的微笑甜得很可口&#10;[00&#58;25&#46;97]&#10;[00&#58;26&#46;79]有我要那种温柔&#10;[00&#58;29&#46;46]&#10;[00&#58;31&#46;59]还和你约好一起去世界梦游&#10;[00&#58;35&#46;82]你害羞的抓紧我的手&#10;[00&#58;39&#46;05]&#10;[00&#58;41&#46;27]如今我们都长大寻各自的梦&#10;[00&#58;45&#46;47]早就习惯了默默去忍受&#10;[00&#58;49&#46;14]&#10;[00&#58;50&#46;75]可埋藏在内心最深那种感动&#10;[00&#58;54&#46;97]从来没有一刻停留&#10;[00&#58;59&#46;23]&#10;[01&#58;00&#46;31]想抱紧你不放手&#10;[01&#58;03&#46;51]&#10;[01&#58;05&#46;21]让时间这样停留&#10;[01&#58;08&#46;83]&#10;[01&#58;10&#46;03]想回到小的时候&#10;[01&#58;13&#46;89]&#10;[01&', '0', '0', '0', '0');
INSERT INTO `song` VALUES ('108237663', '微微 (《微微一笑很倾城》电视剧原声配乐)', '罗锟', null, 'http://www.nemoyang.cn/bigphoto/003RxTdZ0sJLwo.jpg', 'http://www.nemoyang.cn/smallphoto/003RxTdZ0sJLwo.jpg', 'http://dl.stream.qqmusic.qq.com/108237663.mp3?vkey=4A95A0FCDFDC050E9D543841CA4A28AABD19F1973177DAB50', 'http://www.nemoyang.cn/song/108237663.mp3', '123', '5', '[00&#58;00&#58;00]此歌曲为没有填词的纯音乐，请您欣赏', '0', '0', '0', '0');
INSERT INTO `song` VALUES ('108237664', '一笑 (《微微一笑很倾城》电视剧原声配乐)', '罗锟', null, 'http://www.nemoyang.cn/bigphoto/003RxTdZ0sJLwo.jpg', 'http://www.nemoyang.cn/smallphoto/003RxTdZ0sJLwo.jpg', 'http://dl.stream.qqmusic.qq.com/108237664.mp3?vkey=4A95A0FCDFDC050E9D543841CA4A28AABD19F1973177DAB50', 'http://www.nemoyang.cn/song/108237664.mp3', '204', '5', '[00&#58;00&#58;00]此歌曲为没有填词的纯音乐，请您欣赏', '0', '0', '0', '0');
INSERT INTO `song` VALUES ('108237665', '倾城 (《微微一笑很倾城》电视剧原声配乐)', '罗锟', null, 'http://www.nemoyang.cn/bigphoto/003RxTdZ0sJLwo.jpg', 'http://www.nemoyang.cn/smallphoto/003RxTdZ0sJLwo.jpg', 'http://dl.stream.qqmusic.qq.com/108237665.mp3?vkey=4A95A0FCDFDC050E9D543841CA4A28AABD19F1973177DAB50', 'http://www.nemoyang.cn/song/108237665.mp3', '177', '5', '[00&#58;00&#58;00]此歌曲为没有填词的纯音乐，请您欣赏', '0', '0', '0', '0');
INSERT INTO `song` VALUES ('108237666', '遇见你•多好 (《微微一笑很倾城》电视剧原声配乐)', '罗锟', null, 'http://www.nemoyang.cn/bigphoto/003RxTdZ0sJLwo.jpg', 'http://www.nemoyang.cn/smallphoto/003RxTdZ0sJLwo.jpg', 'http://dl.stream.qqmusic.qq.com/108237666.mp3?vkey=4A95A0FCDFDC050E9D543841CA4A28AABD19F1973177DAB50', 'http://www.nemoyang.cn/song/108237666.mp3', '223', '5', '[00&#58;00&#58;00]此歌曲为没有填词的纯音乐，请您欣赏', '0', '0', '0', '0');
INSERT INTO `song` VALUES ('108237667', '如果时间能静止 (《微微一笑很倾城》电视剧原声配乐)', '罗锟', null, 'http://www.nemoyang.cn/bigphoto/003RxTdZ0sJLwo.jpg', 'http://www.nemoyang.cn/smallphoto/003RxTdZ0sJLwo.jpg', 'http://dl.stream.qqmusic.qq.com/108237667.mp3?vkey=4A95A0FCDFDC050E9D543841CA4A28AABD19F1973177DAB50', 'http://www.nemoyang.cn/song/108237667.mp3', '120', '5', '[00&#58;00&#58;00]此歌曲为没有填词的纯音乐，请您欣赏', '0', '0', '0', '0');
INSERT INTO `song` VALUES ('108272059', '天空城 (《九州天空城》电视剧插曲)', '王子', null, 'http://www.nemoyang.cn/bigphoto/001WsuMW2eJZth.jpg', 'http://www.nemoyang.cn/smallphoto/001WsuMW2eJZth.jpg', 'http://dl.stream.qqmusic.qq.com/108272059.mp3?vkey=4A95A0FCDFDC050E9D543841CA4A28AABD19F1973177DAB50', 'http://www.nemoyang.cn/song/108272059.mp3', '319', '5', '[ti&#58;天空城&#32;&#40;《九州天空城》电视剧插曲&#41;]&#10;[ar&#58;王子]&#10;[al&#58;天空城]&#10;[by&#58;]&#10;[offset&#58;0]&#10;[00&#58;01&#46;44]天空城&#32;&#40;《九州天空城》电视剧插曲&#41;&#32;&#45;&#32;王子&#10;[00&#58;02&#46;68]词：黄星&#10;[00&#58;02&#46;82]曲：高伟然&#10;[00&#58;03&#46;01]编曲：高伟然&#10;[00&#58;03&#46;59]&#10;[00&#58;24&#46;47]我踏破旧时光来温习你的谎&#10;[00&#58;31&#46;29]&#10;[00&#58;32&#46;23]逃出羽化的高墙&#10;[00&#58;36&#46;41]却困在你手掌&#10;[00&#58;39&#46;10]&#10;[00&#58;40&#46;05]照冰冷的月亮人世纷乱扰攘&#10;[00&#58;47&#46;14]&#10;[00&#58;47&#46;85]原来你和我竟一样&#10;[00&#58;52&#46;12]热衷伤与被伤&#10;[00&#58;55&#46;89]&#10;[00&#58;57&#46;82]看来这孤城&#10;[01&#58;02&#46;11]配失败的王&#10;[01&#58;04&#46;78]&#10;[01&#58;05&#46;67]别在多年以后互道无恙&#10;[01&#58;12&#46;55]&#10;[01&#58;13&#46;14]愿将一生荣光&#10;[01&#58;16&#46;35]&#10;[01&#58;16&#46;91]换这一刻的虚妄&#10;[01&#58;20&#46;85]所有雨雪风霜狂想&#10;[01&#58;24&#46;77]都遗忘&#10;[01&#58;28&#46;17]&#10;[01&#58;28&#46;75]最后的战役燃起烽火&#10;[01&#58;33&#46;19]万丈&#10;[01&#58;36&#46;15]谁终赢得一切却只为你&#10;[01&#58;41&#46;03]投降&#10;[01&#58;43&#46;40]&#', '0', '0', '0', '0');
INSERT INTO `song` VALUES ('108274873', '就是让你美', '龙梅子', null, 'http://www.nemoyang.cn/bigphoto/003La6B30tjd5w.jpg', 'http://www.nemoyang.cn/smallphoto/003La6B30tjd5w.jpg', 'http://dl.stream.qqmusic.qq.com/108274873.mp3?vkey=4A95A0FCDFDC050E9D543841CA4A28AABD19F1973177DAB50', 'http://www.nemoyang.cn/song/108274873.mp3', '195', '5', '[ti&#58;就是让你美]&#10;[ar&#58;龙梅子]&#10;[al&#58;就是让你美]&#10;[by&#58;]&#10;[offset&#58;0]&#10;[00&#58;00&#46;65]就是让你美&#32;&#45;&#32;龙梅子&#10;[00&#58;01&#46;49]词：王浩&#10;[00&#58;01&#46;63]曲：王浩&#10;[00&#58;01&#46;78]编曲：宫泉&#10;[00&#58;01&#46;97]吉他：李延亮&#10;[00&#58;02&#46;19]录音：周晓明&#10;[00&#58;02&#46;41]混音：周晓明&#10;[00&#58;03&#46;36]制作人：陈沫生&#10;[00&#58;04&#46;36]&#10;[00&#58;16&#46;48]你是上天的宠儿&#10;[00&#58;18&#46;37]待放的花蕾&#10;[00&#58;19&#46;84]&#10;[00&#58;20&#46;36]你的每一个微笑&#10;[00&#58;22&#46;35]都让人陶醉&#10;[00&#58;23&#46;84]&#10;[00&#58;24&#46;34]你在茫茫人海中&#10;[00&#58;26&#46;36]悄然的面对&#10;[00&#58;28&#46;19]我愿采一滴露水&#10;[00&#58;30&#46;32]滋润你心扉&#10;[00&#58;31&#46;78]&#10;[00&#58;32&#46;28]你是生活的勇者&#10;[00&#58;34&#46;32]悭锵的玫瑰&#10;[00&#58;35&#46;82]&#10;[00&#58;36&#46;33]你把每一段旅程&#10;[00&#58;38&#46;29]精心去描绘&#10;[00&#58;40&#46;32]你在风雨中等待&#10;[00&#58;42&#46;34]阳光的明媚&#10;[00&#58;44&#46;22]我要告诉全世界&#10;[00&#58;46&#46;30]你是最珍贵&#10;[00&#58;48&#46;31]就是让你美&#10;[00&#58;50&#46;27]就是让你美&#10;[00&#58;52&#46;37]就要让你昂着头&#10;[0', '0', '0', '0', '0');
INSERT INTO `song` VALUES ('108275864', '中了你的毒', '六哲', null, 'http://www.nemoyang.cn/bigphoto/001ctNAF2rutzQ.jpg', 'http://www.nemoyang.cn/smallphoto/001ctNAF2rutzQ.jpg', 'http://dl.stream.qqmusic.qq.com/108275864.mp3?vkey=4A95A0FCDFDC050E9D543841CA4A28AABD19F1973177DAB50', 'http://www.nemoyang.cn/song/108275864.mp3', '274', '5', '[ti&#58;中了你的毒]&#10;[ar&#58;六哲]&#10;[al&#58;中了你的毒]&#10;[by&#58;]&#10;[offset&#58;0]&#10;[00&#58;00&#46;07]中了你的毒&#32;&#45;&#32;六哲&#10;[00&#58;00&#46;83]词：张保&#10;[00&#58;00&#46;97]曲：六哲/罗小虎&#10;[00&#58;01&#46;25]编曲：廖灵光&#10;[00&#58;02&#46;55]&#10;[00&#58;19&#46;45]你从来不在乎&#10;[00&#58;24&#46;46]&#10;[00&#58;26&#46;43]哦&#32;我为你断了退路&#10;[00&#58;31&#46;83]&#10;[00&#58;33&#46;75]多想和你回到最初&#10;[00&#58;40&#46;02]&#10;[00&#58;41&#46;17]为何你却选择退出&#10;[00&#58;46&#46;78]&#10;[00&#58;49&#46;06]你心已有所属&#10;[00&#58;54&#46;12]&#10;[00&#58;55&#46;89]哦他才是你的归宿&#10;[01&#58;01&#46;46]&#10;[01&#58;03&#46;36]曾经火热的幸福&#10;[01&#58;09&#46;40]&#10;[01&#58;10&#46;65]如今变得没有温度&#10;[01&#58;16&#46;52]&#10;[01&#58;18&#46;14]是我太糊涂&#10;[01&#58;19&#46;68]&#10;[01&#58;20&#46;39]才会中了你的毒&#10;[01&#58;23&#46;52]&#10;[01&#58;25&#46;59]心甘情愿为你付出全部&#10;[01&#58;30&#46;09]&#10;[01&#58;32&#46;88]以为你会满足&#10;[01&#58;35&#46;28]不会辜负&#10;[01&#58;36&#46;34]&#10;[01&#58;36&#46;89]我爱你的态度&#10;[01&#58;39&#46;38]&#10;[01&#58;40&#46;26]辛辛苦苦为你守护&#10;[01&', '0', '0', '0', '0');
INSERT INTO `song` VALUES ('108281685', '铁拳 (《铁拳》电影宣传曲)', '筷子兄弟', null, 'http://www.nemoyang.cn/bigphoto/004cG5NN1rvx1p.jpg', 'http://www.nemoyang.cn/smallphoto/004cG5NN1rvx1p.jpg', 'http://dl.stream.qqmusic.qq.com/108281685.mp3?vkey=4A95A0FCDFDC050E9D543841CA4A28AABD19F1973177DAB50', 'http://www.nemoyang.cn/song/108281685.mp3', '213', '5', '[ti&#58;铁拳&#32;&#40;《铁拳》电影宣传曲&#41;]&#10;[ar&#58;筷子兄弟]&#10;[al&#58;铁拳]&#10;[by&#58;]&#10;[offset&#58;0]&#10;[00&#58;00&#46;22]铁拳&#32;&#40;《铁拳》电影宣传曲&#41;&#32;&#45;&#32;筷子兄弟&#10;[00&#58;05&#46;61]词：陈曦&#10;[00&#58;06&#46;99]曲：董冬冬&#10;[00&#58;09&#46;39]&#10;[00&#58;13&#46;77]就算&#32;不太快&#10;[00&#58;16&#46;29]能看得到未来&#10;[00&#58;18&#46;70]也不要&#32;心太急&#10;[00&#58;22&#46;52]去疑猜&#10;[00&#58;24&#46;47]&#10;[00&#58;25&#46;32]不要&#10;[00&#58;26&#46;79]太在意要遭遇&#10;[00&#58;30&#46;32]所谓的打击都是经历&#10;[00&#58;36&#46;87]&#10;[00&#58;37&#46;38]Alright&#10;[00&#58;39&#46;41]&#10;[00&#58;44&#46;90]在意&#32;还不坏&#10;[00&#58;47&#46;24]说明还在努力&#10;[00&#58;49&#46;21]&#10;[00&#58;49&#46;74]不要用&#32;过去式&#10;[00&#58;53&#46;53]去安排&#10;[00&#58;55&#46;69]&#10;[00&#58;56&#46;26]不要&#32;太用力要获取&#10;[01&#58;01&#46;33]所谓的胜利只是经历&#10;[01&#58;08&#46;50]&#10;[01&#58;12&#46;18]面对失败也不坏&#10;[01&#58;15&#46;18]总好过没有新的未来&#10;[01&#58;18&#46;32]尘埃也会有光彩&#10;[01&#58;23&#46;59]&#10;[01&#58;24&#46;71]仰望天空的自在&#10;[01&#58;27&#46;41]你知道希望一直没有离开&#10;[0', '0', '0', '0', '0');
INSERT INTO `song` VALUES ('108281941', '十九岁', '黄子韬', null, 'http://www.nemoyang.cn/bigphoto/003Ghbn62pb3Cq.jpg', 'http://www.nemoyang.cn/smallphoto/003Ghbn62pb3Cq.jpg', 'http://dl.stream.qqmusic.qq.com/108281941.mp3?vkey=4A95A0FCDFDC050E9D543841CA4A28AABD19F1973177DAB50', 'http://www.nemoyang.cn/song/108281941.mp3', '238', '5', '[ti&#58;十九岁]&#10;[ar&#58;黄子韬]&#10;[al&#58;The&#32;Road]&#10;[by&#58;]&#10;[offset&#58;0]&#10;[00&#58;00&#46;12]十九岁&#32;&#45;&#32;黄子韬&#10;[00&#58;01&#46;26]词：王韵韵/黄子韬&#10;[00&#58;02&#46;80]曲：Daryl&#32;K/Calvin&#32;C/Ceyli&#32;Jo&#10;[00&#58;03&#46;86]制作人：Daryl&#32;K&#10;[00&#58;04&#46;99]&#10;[00&#58;18&#46;82]已经多久不再联络&#10;[00&#58;22&#46;39]一个人生活&#10;[00&#58;24&#46;85]&#10;[00&#58;25&#46;57]每次灯光熄灭之后&#10;[00&#58;29&#46;26]夜不属于我&#10;[00&#58;31&#46;93]&#10;[00&#58;32&#46;61]反复想着那个&#10;[00&#58;35&#46;24]不该属于我的人&#10;[00&#58;39&#46;02]&#10;[00&#58;39&#46;64]假装出的坚强&#10;[00&#58;41&#46;46]心其实已在刀刃&#10;[00&#58;44&#46;96]&#10;[00&#58;46&#46;35]为什么就连分开&#10;[00&#58;49&#46;04]也没来得及告别呢&#10;[00&#58;53&#46;01]请你回头&#10;[00&#58;55&#46;96]请你看着我&#10;[00&#58;59&#46;20]&#10;[01&#58;00&#46;10]年轻那时&#10;[01&#58;02&#46;90]&#10;[01&#58;03&#46;47]最难忘的十九岁的夏天&#10;[01&#58;10&#46;23]感觉的不变&#10;[01&#58;13&#46;80]&#10;[01&#58;14&#46;52]十年后再相爱还是如此&#10;[01&#58;20&#46;97]&#10;[01&#58;36&#46;51]后来我把自己停下&#10;[01&#58;40&#46;17]看海', '0', '0', '0', '0');

-- ----------------------------
-- Table structure for user
-- ----------------------------
DROP TABLE IF EXISTS `user`;
CREATE TABLE `user` (
  `user_id` varchar(20) NOT NULL,
  `name` varchar(20) DEFAULT NULL,
  `password` varchar(20) DEFAULT NULL,
  `power` int(11) DEFAULT NULL,
  PRIMARY KEY (`user_id`)
) ENGINE=InnoDB DEFAULT CHARSET=utf8;

-- ----------------------------
-- Records of user
-- ----------------------------
INSERT INTO `user` VALUES ('1000', '', 'admin', '1');
INSERT INTO `user` VALUES ('1001', '', '123456', '0');
INSERT INTO `user` VALUES ('1002', '', '123456', '0');
INSERT INTO `user` VALUES ('1003', '', '123456', '0');
INSERT INTO `user` VALUES ('1005', '', '123456', '0');
INSERT INTO `user` VALUES ('1006', '', '123456', '0');
INSERT INTO `user` VALUES ('1007', '', '123456', '0');
INSERT INTO `user` VALUES ('1008', '', '123456', '0');
INSERT INTO `user` VALUES ('1009', '', '123456', '0');
INSERT INTO `user` VALUES ('1100', '', '123456', '0');
INSERT INTO `user` VALUES ('dan', '', 'dan', '0');
INSERT INTO `user` VALUES ('syy', '', '123456', '0');
